fecha,s1p1,s1p2,s1p3,s1p4,s1p5,s2p6,s2p7,s2p8,s2p9,s3p10,s3p11,s3p12,s3p13,s4p14
07/06/2025 18:49,Totalmente de acuerdo,En desacuerdo,Totalmente en desacuerdo,Totalmente de acuerdo,Totalmente en desacuerdo,Neutral,Totalmente de acuerdo,En desacuerdo,De acuerdo,Neutral,De acuerdo,De acuerdo,Neutral,"La empresa podría informar mejor sobre los cambios de precio, lo cual es útil para algunos compradores."
07/01/2025 21:38,De acuerdo,De acuerdo,Totalmente de acuerdo,Neutral,De acuerdo,En desacuerdo,Neutral,De acuerdo,De acuerdo,Neutral,De acuerdo,De acuerdo,De acuerdo,
24/03/2025 16:52,Totalmente de acuerdo,Neutral,De acuerdo,En desacuerdo,De acuerdo,Neutral,En desacuerdo,En desacuerdo,Totalmente de acuerdo,De acuerdo,Totalmente de acuerdo,De acuerdo,Neutral,
11/06/2025 00:06,Neutral,Neutral,Totalmente de acuerdo,Totalmente en desacuerdo,De acuerdo,Neutral,En desacuerdo,Neutral,De acuerdo,De acuerdo,Neutral,Neutral,De acuerdo,"Es evidente que la empresa podría informar mejor sobre los cambios de precio, pero no siempre entiendo cuándo es el mejor momento, AliExpress envía correos con ofertas sobre productos que uno ha visto en su pagina."
07/03/2025 20:41,Totalmente de acuerdo,Totalmente de acuerdo,Totalmente de acuerdo,Totalmente de acuerdo,Totalmente de acuerdo,Neutral,Neutral,Neutral,Totalmente en desacuerdo,Totalmente de acuerdo,Totalmente de acuerdo,Totalmente de acuerdo,Totalmente de acuerdo,Me gusta que el sistema premie a quienes se anticipan y planean su compra.
14/03/2025 23:21,En desacuerdo,En desacuerdo,De acuerdo,En desacuerdo,Neutral,En desacuerdo,Totalmente en desacuerdo,Neutral,Neutral,De acuerdo,De acuerdo,De acuerdo,Neutral,
27/01/2025 23:48,Neutral,En desacuerdo,De acuerdo,Neutral,De acuerdo,En desacuerdo,Neutral,En desacuerdo,De acuerdo,De acuerdo,De acuerdo,En desacuerdo,De acuerdo,
22/05/2025 05:22,En desacuerdo,En desacuerdo,En desacuerdo,En desacuerdo,En desacuerdo,En desacuerdo,En desacuerdo,En desacuerdo,En desacuerdo,En desacuerdo,En desacuerdo,En desacuerdo,En desacuerdo,
22/03/2025 21:06,De acuerdo,En desacuerdo,Neutral,En desacuerdo,Neutral,En desacuerdo,Neutral,Neutral,De acuerdo,De acuerdo,Neutral,De acuerdo,Neutral,
24/01/2025 15:00,Neutral,Neutral,De acuerdo,De acuerdo,De acuerdo,De acuerdo,Neutral,Neutral,De acuerdo,De acuerdo,De acuerdo,De acuerdo,De acuerdo,
08/02/2025 23:29,De acuerdo,De acuerdo,Totalmente de acuerdo,Totalmente de acuerdo,Totalmente de acuerdo,Neutral,De acuerdo,Totalmente de acuerdo,Totalmente de acuerdo,Totalmente de acuerdo,Totalmente de acuerdo,De acuerdo,Totalmente de acuerdo,
20/04/2025 11:32,En desacuerdo,En desacuerdo,Totalmente de acuerdo,Neutral,Neutral,En desacuerdo,Neutral,Neutral,Totalmente de acuerdo,Neutral,De acuerdo,De acuerdo,Neutral,"Realmente no sabía que existen los precios dinámicos, solo vendedores compitiendo."
26/01/2025 03:41,Totalmente de acuerdo,En desacuerdo,Totalmente de acuerdo,Totalmente de acuerdo,Totalmente de acuerdo,De acuerdo,Totalmente en desacuerdo,Neutral,Neutral,De acuerdo,Totalmente de acuerdo,En desacuerdo,Neutral,
08/03/2025 09:21,Neutral,En desacuerdo,Totalmente de acuerdo,Neutral,Totalmente de acuerdo,Neutral,Neutral,En desacuerdo,Totalmente en desacuerdo,De acuerdo,De acuerdo,De acuerdo,Neutral,"Opino que las ofertas de temporada baja son buenas, aunque sería mejor si avisaran con tiempo."
27/03/2025 00:59,De acuerdo,Totalmente de acuerdo,De acuerdo,Totalmente de acuerdo,Totalmente de acuerdo,En desacuerdo,Neutral,En desacuerdo,De acuerdo,De acuerdo,De acuerdo,De acuerdo,Neutral,
17/05/2025 20:25,Totalmente de acuerdo,Neutral,Totalmente de acuerdo,Totalmente de acuerdo,De acuerdo,En desacuerdo,Neutral,Neutral,De acuerdo,Totalmente de acuerdo,De acuerdo,Neutral,De acuerdo,
19/05/2025 02:02,En desacuerdo,En desacuerdo,De acuerdo,En desacuerdo,De acuerdo,Neutral,Totalmente en desacuerdo,En desacuerdo,Totalmente de acuerdo,De acuerdo,Neutral,De acuerdo,Totalmente de acuerdo,
21/06/2025 18:36,Neutral,En desacuerdo,De acuerdo,Totalmente de acuerdo,Totalmente de acuerdo,En desacuerdo,En desacuerdo,Neutral,Totalmente de acuerdo,De acuerdo,Neutral,De acuerdo,De acuerdo,
21/05/2025 20:26,De acuerdo,Totalmente de acuerdo,Neutral,De acuerdo,De acuerdo,En desacuerdo,En desacuerdo,Neutral,Totalmente en desacuerdo,De acuerdo,De acuerdo,De acuerdo,Neutral,
27/01/2025 11:25,Totalmente de acuerdo,Neutral,De acuerdo,En desacuerdo,De acuerdo,Neutral,Neutral,Neutral,De acuerdo,De acuerdo,Neutral,De acuerdo,De acuerdo,"Es útil si no tengo prisa, pero si necesito algo urgente, me sale más caro."
09/01/2025 17:55,Neutral,Neutral,Totalmente en desacuerdo,Totalmente de acuerdo,De acuerdo,En desacuerdo,Neutral,Totalmente de acuerdo,Neutral,Totalmente de acuerdo,De acuerdo,Totalmente de acuerdo,Neutral,
14/06/2025 04:41,Totalmente de acuerdo,En desacuerdo,De acuerdo,En desacuerdo,Neutral,En desacuerdo,Totalmente de acuerdo,Neutral,De acuerdo,En desacuerdo,Totalmente de acuerdo,Neutral,Neutral,
04/04/2025 18:45,En desacuerdo,En desacuerdo,Totalmente de acuerdo,Neutral,De acuerdo,Neutral,Neutral,En desacuerdo,Neutral,Totalmente de acuerdo,De acuerdo,De acuerdo,De acuerdo,
27/04/2025 12:21,Neutral,Neutral,En desacuerdo,De acuerdo,Neutral,Neutral,Neutral,En desacuerdo,En desacuerdo,En desacuerdo,De acuerdo,Totalmente de acuerdo,Neutral,
22/06/2025 03:25,En desacuerdo,De acuerdo,Totalmente de acuerdo,En desacuerdo,De acuerdo,En desacuerdo,Totalmente de acuerdo,En desacuerdo,De acuerdo,De acuerdo,Totalmente de acuerdo,Neutral,De acuerdo,
24/06/2025 13:59,En desacuerdo,En desacuerdo,Totalmente de acuerdo,Totalmente de acuerdo,Totalmente de acuerdo,Neutral,Neutral,Neutral,De acuerdo,De acuerdo,Neutral,De acuerdo,Totalmente de acuerdo,
25/03/2025 13:38,Totalmente de acuerdo,En desacuerdo,De acuerdo,De acuerdo,En desacuerdo,Neutral,De acuerdo,Totalmente de acuerdo,Totalmente de acuerdo,Neutral,De acuerdo,De acuerdo,De acuerdo,
06/06/2025 03:55,Neutral,En desacuerdo,Neutral,Totalmente de acuerdo,Totalmente de acuerdo,Neutral,Neutral,Totalmente de acuerdo,Neutral,De acuerdo,De acuerdo,De acuerdo,En desacuerdo,
24/01/2025 00:04,Totalmente de acuerdo,Neutral,Totalmente en desacuerdo,Totalmente en desacuerdo,De acuerdo,Neutral,Neutral,En desacuerdo,De acuerdo,De acuerdo,En desacuerdo,De acuerdo,Neutral,
07/02/2025 03:41,Neutral,En desacuerdo,Totalmente en desacuerdo,En desacuerdo,De acuerdo,De acuerdo,En desacuerdo,Totalmente de acuerdo,De acuerdo,De acuerdo,De acuerdo,Neutral,De acuerdo,
03/02/2025 10:35,De acuerdo,Totalmente de acuerdo,Totalmente de acuerdo,Neutral,Neutral,En desacuerdo,Neutral,Neutral,De acuerdo,De acuerdo,Totalmente de acuerdo,En desacuerdo,De acuerdo,
15/02/2025 00:05,De acuerdo,De acuerdo,Totalmente de acuerdo,Totalmente de acuerdo,De acuerdo,Neutral,En desacuerdo,Totalmente de acuerdo,De acuerdo,De acuerdo,Totalmente de acuerdo,Totalmente de acuerdo,Neutral,
04/04/2025 12:37,De acuerdo,De acuerdo,Neutral,Totalmente en desacuerdo,Neutral,Neutral,Neutral,En desacuerdo,Totalmente de acuerdo,Totalmente de acuerdo,De acuerdo,De acuerdo,Totalmente de acuerdo,"No se que son los precios dinámicos, solo entro a mercado libre y le compro a quien lo venda más barato."
22/03/2025 19:37,Neutral,En desacuerdo,Totalmente en desacuerdo,En desacuerdo,De acuerdo,En desacuerdo,Totalmente de acuerdo,Neutral,En desacuerdo,De acuerdo,Neutral,En desacuerdo,Neutral,
16/01/2025 01:24,Totalmente de acuerdo,Totalmente de acuerdo,De acuerdo,En desacuerdo,De acuerdo,Neutral,Neutral,Neutral,En desacuerdo,De acuerdo,Neutral,En desacuerdo,Neutral,
15/04/2025 20:14,Neutral,Neutral,Totalmente de acuerdo,En desacuerdo,De acuerdo,Neutral,Neutral,Neutral,Totalmente en desacuerdo,De acuerdo,De acuerdo,De acuerdo,De acuerdo,
23/05/2025 13:56,Neutral,Neutral,De acuerdo,En desacuerdo,Neutral,En desacuerdo,Neutral,En desacuerdo,De acuerdo,De acuerdo,De acuerdo,De acuerdo,De acuerdo,
21/01/2025 04:45,Totalmente de acuerdo,En desacuerdo,En desacuerdo,Neutral,Totalmente de acuerdo,Neutral,En desacuerdo,En desacuerdo,Neutral,De acuerdo,Neutral,De acuerdo,Totalmente de acuerdo,
12/03/2025 22:35,De acuerdo,Neutral,Totalmente de acuerdo,En desacuerdo,De acuerdo,Neutral,Neutral,En desacuerdo,De acuerdo,De acuerdo,Neutral,De acuerdo,Neutral,Me molesta que a veces el producto esté sin stock justo cuando baja de precio.
26/06/2025 18:53,De acuerdo,En desacuerdo,Neutral,Totalmente en desacuerdo,De acuerdo,En desacuerdo,Neutral,Neutral,Totalmente de acuerdo,Totalmente de acuerdo,De acuerdo,De acuerdo,De acuerdo,
22/06/2025 05:10,Totalmente de acuerdo,De acuerdo,En desacuerdo,Neutral,De acuerdo,Neutral,En desacuerdo,Neutral,En desacuerdo,De acuerdo,Neutral,En desacuerdo,Neutral,
06/06/2025 23:02,En desacuerdo,En desacuerdo,Neutral,Totalmente de acuerdo,De acuerdo,Neutral,En desacuerdo,Neutral,Totalmente en desacuerdo,De acuerdo,Totalmente de acuerdo,De acuerdo,De acuerdo,
09/05/2025 16:30,En desacuerdo,En desacuerdo,De acuerdo,Neutral,En desacuerdo,Neutral,Neutral,Neutral,Totalmente de acuerdo,De acuerdo,En desacuerdo,Neutral,De acuerdo,"No soy obsesivo, pero sí reviso mis Favoritos una vez al día. Más de una vez he pillado que bajan el precio cuando quedan 2-3 unidades, como esos parlantes que bajaron de $350 mil a $250 mil... y al otro día volvieron al precio normal."
04/06/2025 16:48,Neutral,En desacuerdo,Totalmente de acuerdo,Neutral,Neutral,En desacuerdo,En desacuerdo,En desacuerdo,Neutral,De acuerdo,Totalmente de acuerdo,Totalmente de acuerdo,Neutral,
20/04/2025 01:50,Totalmente de acuerdo,En desacuerdo,En desacuerdo,Totalmente de acuerdo,Totalmente de acuerdo,Neutral,Neutral,En desacuerdo,De acuerdo,Totalmente de acuerdo,Totalmente de acuerdo,De acuerdo,En desacuerdo,
05/06/2025 09:45,Totalmente de acuerdo,Neutral,Totalmente en desacuerdo,En desacuerdo,En desacuerdo,En desacuerdo,En desacuerdo,Totalmente de acuerdo,De acuerdo,De acuerdo,De acuerdo,De acuerdo,Neutral,
06/05/2025 17:02,Neutral,En desacuerdo,De acuerdo,Totalmente en desacuerdo,Neutral,Neutral,En desacuerdo,En desacuerdo,De acuerdo,De acuerdo,De acuerdo,De acuerdo,De acuerdo,
13/06/2025 22:15,De acuerdo,Neutral,Totalmente en desacuerdo,En desacuerdo,En desacuerdo,Neutral,Neutral,Neutral,De acuerdo,Totalmente de acuerdo,De acuerdo,Totalmente de acuerdo,Neutral,
29/04/2025 14:45,Neutral,De acuerdo,Neutral,En desacuerdo,Totalmente en desacuerdo,De acuerdo,Totalmente en desacuerdo,Neutral,Totalmente de acuerdo,De acuerdo,De acuerdo,De acuerdo,Totalmente de acuerdo,
29/04/2025 20:31,Totalmente de acuerdo,Neutral,Totalmente de acuerdo,Totalmente de acuerdo,En desacuerdo,En desacuerdo,Totalmente en desacuerdo,En desacuerdo,Totalmente de acuerdo,En desacuerdo,De acuerdo,En desacuerdo,Totalmente de acuerdo,
24/03/2025 19:00,Totalmente de acuerdo,En desacuerdo,En desacuerdo,Totalmente de acuerdo,Totalmente en desacuerdo,Neutral,Totalmente en desacuerdo,De acuerdo,De acuerdo,Neutral,De acuerdo,En desacuerdo,Totalmente de acuerdo,
01/03/2025 08:14,De acuerdo,De acuerdo,De acuerdo,En desacuerdo,De acuerdo,En desacuerdo,En desacuerdo,En desacuerdo,De acuerdo,Neutral,Neutral,Neutral,De acuerdo,
07/03/2025 15:58,Totalmente de acuerdo,De acuerdo,En desacuerdo,De acuerdo,De acuerdo,De acuerdo,En desacuerdo,Neutral,En desacuerdo,De acuerdo,De acuerdo,De acuerdo,Neutral,
22/02/2025 03:40,De acuerdo,En desacuerdo,De acuerdo,Totalmente en desacuerdo,Totalmente de acuerdo,Neutral,En desacuerdo,En desacuerdo,Neutral,De acuerdo,Totalmente de acuerdo,En desacuerdo,Neutral,
17/05/2025 08:32,Totalmente de acuerdo,Neutral,Totalmente de acuerdo,Totalmente en desacuerdo,De acuerdo,De acuerdo,Neutral,En desacuerdo,Totalmente de acuerdo,De acuerdo,De acuerdo,De acuerdo,De acuerdo,
04/05/2025 10:11,Neutral,En desacuerdo,Totalmente de acuerdo,Neutral,Totalmente de acuerdo,En desacuerdo,Neutral,De acuerdo,Totalmente de acuerdo,En desacuerdo,En desacuerdo,De acuerdo,En desacuerdo,"Nunca me había fijado, pero ahora veo que los precios suben y bajan como locos. Quería comprar una licuadora que estaba en $220 mil, esperé al fin de semana y ¡sorpresa! Había subido a $280 mil"
03/01/2025 15:36,De acuerdo,Neutral,Totalmente de acuerdo,En desacuerdo,De acuerdo,Neutral,Neutral,Neutral,Totalmente de acuerdo,De acuerdo,Totalmente de acuerdo,Totalmente de acuerdo,De acuerdo,
15/02/2025 16:08,Neutral,En desacuerdo,Totalmente de acuerdo,En desacuerdo,De acuerdo,Neutral,Neutral,Totalmente de acuerdo,De acuerdo,En desacuerdo,Totalmente de acuerdo,En desacuerdo,Neutral,
18/05/2025 21:41,Neutral,En desacuerdo,Totalmente de acuerdo,En desacuerdo,De acuerdo,Neutral,Neutral,Neutral,Totalmente de acuerdo,De acuerdo,De acuerdo,Totalmente de acuerdo,De acuerdo,
16/02/2025 06:10,De acuerdo,En desacuerdo,Neutral,Totalmente de acuerdo,Neutral,Neutral,Totalmente de acuerdo,En desacuerdo,En desacuerdo,De acuerdo,Neutral,De acuerdo,Totalmente de acuerdo,
28/02/2025 22:00,Totalmente de acuerdo,Neutral,De acuerdo,En desacuerdo,Neutral,Neutral,Neutral,Neutral,Totalmente de acuerdo,Totalmente de acuerdo,Totalmente de acuerdo,Totalmente de acuerdo,Totalmente de acuerdo,
22/04/2025 04:18,Totalmente de acuerdo,En desacuerdo,De acuerdo,Totalmente en desacuerdo,De acuerdo,En desacuerdo,Totalmente de acuerdo,En desacuerdo,De acuerdo,De acuerdo,De acuerdo,En desacuerdo,Totalmente de acuerdo,
16/02/2025 17:37,Neutral,De acuerdo,De acuerdo,Neutral,En desacuerdo,Neutral,Neutral,Neutral,De acuerdo,De acuerdo,En desacuerdo,En desacuerdo,De acuerdo,
26/02/2025 01:40,De acuerdo,De acuerdo,De acuerdo,En desacuerdo,Totalmente en desacuerdo,En desacuerdo,En desacuerdo,En desacuerdo,Totalmente de acuerdo,De acuerdo,Neutral,De acuerdo,De acuerdo,
12/03/2025 20:17,Neutral,En desacuerdo,De acuerdo,De acuerdo,De acuerdo,En desacuerdo,Neutral,Neutral,De acuerdo,Totalmente de acuerdo,Neutral,De acuerdo,De acuerdo,
24/03/2025 11:05,Totalmente de acuerdo,De acuerdo,Totalmente de acuerdo,En desacuerdo,Totalmente en desacuerdo,Neutral,En desacuerdo,Neutral,De acuerdo,De acuerdo,Totalmente de acuerdo,De acuerdo,En desacuerdo,
22/05/2025 17:11,En desacuerdo,Neutral,Totalmente de acuerdo,Totalmente de acuerdo,Neutral,En desacuerdo,En desacuerdo,En desacuerdo,De acuerdo,De acuerdo,En desacuerdo,De acuerdo,De acuerdo,
14/04/2025 18:41,Neutral,De acuerdo,Totalmente de acuerdo,Totalmente de acuerdo,Neutral,En desacuerdo,Neutral,En desacuerdo,De acuerdo,De acuerdo,Totalmente de acuerdo,De acuerdo,De acuerdo,
17/02/2025 22:50,Neutral,Neutral,En desacuerdo,En desacuerdo,De acuerdo,En desacuerdo,Neutral,En desacuerdo,En desacuerdo,Totalmente de acuerdo,De acuerdo,De acuerdo,En desacuerdo,
30/03/2025 16:19,De acuerdo,Neutral,Totalmente de acuerdo,En desacuerdo,Totalmente de acuerdo,De acuerdo,Totalmente en desacuerdo,De acuerdo,De acuerdo,De acuerdo,En desacuerdo,Neutral,De acuerdo,
06/03/2025 21:00,En desacuerdo,En desacuerdo,Totalmente de acuerdo,En desacuerdo,De acuerdo,Neutral,En desacuerdo,En desacuerdo,De acuerdo,De acuerdo,Totalmente de acuerdo,En desacuerdo,De acuerdo,
17/03/2025 06:51,En desacuerdo,En desacuerdo,De acuerdo,En desacuerdo,De acuerdo,Neutral,Totalmente en desacuerdo,En desacuerdo,De acuerdo,Neutral,Neutral,De acuerdo,Totalmente de acuerdo,
10/04/2025 14:51,Totalmente de acuerdo,En desacuerdo,Totalmente en desacuerdo,Totalmente de acuerdo,Totalmente en desacuerdo,Neutral,Neutral,Neutral,De acuerdo,Totalmente de acuerdo,De acuerdo,De acuerdo,Neutral,
25/05/2025 11:36,En desacuerdo,Neutral,Totalmente de acuerdo,De acuerdo,De acuerdo,En desacuerdo,Totalmente de acuerdo,Neutral,En desacuerdo,De acuerdo,Neutral,De acuerdo,Neutral,
16/06/2025 03:47,Totalmente de acuerdo,De acuerdo,En desacuerdo,En desacuerdo,De acuerdo,En desacuerdo,En desacuerdo,En desacuerdo,Totalmente de acuerdo,De acuerdo,De acuerdo,De acuerdo,En desacuerdo,
14/01/2025 22:13,En desacuerdo,En desacuerdo,De acuerdo,Neutral,Totalmente en desacuerdo,En desacuerdo,Neutral,En desacuerdo,De acuerdo,Totalmente de acuerdo,De acuerdo,De acuerdo,Totalmente de acuerdo,
19/05/2025 08:43,Totalmente de acuerdo,En desacuerdo,Neutral,En desacuerdo,De acuerdo,Neutral,Neutral,De acuerdo,Totalmente de acuerdo,Totalmente de acuerdo,Totalmente de acuerdo,De acuerdo,De acuerdo,
22/01/2025 05:09,Totalmente de acuerdo,Totalmente de acuerdo,Neutral,Totalmente de acuerdo,De acuerdo,Neutral,En desacuerdo,Neutral,Totalmente de acuerdo,De acuerdo,De acuerdo,De acuerdo,Neutral,Opino que los precios cambian demasiado seguido y a veces genera frustración.
03/03/2025 19:27,En desacuerdo,De acuerdo,Totalmente de acuerdo,De acuerdo,De acuerdo,En desacuerdo,Neutral,Neutral,Totalmente en desacuerdo,Neutral,Totalmente de acuerdo,En desacuerdo,Totalmente de acuerdo,
13/01/2025 21:16,Neutral,En desacuerdo,De acuerdo,En desacuerdo,Neutral,De acuerdo,En desacuerdo,Neutral,De acuerdo,Totalmente de acuerdo,Totalmente de acuerdo,De acuerdo,Neutral,
19/05/2025 19:17,Totalmente de acuerdo,Neutral,De acuerdo,En desacuerdo,De acuerdo,En desacuerdo,Neutral,Totalmente de acuerdo,De acuerdo,De acuerdo,De acuerdo,De acuerdo,De acuerdo,"Los precios dinámicos te hacen sentir que 'cazaste' una ganga, cuando en realidad el vendedor siempre gana. ajusta márgenes en tiempo real según tu perfil de compra."
01/02/2025 12:26,En desacuerdo,En desacuerdo,Totalmente en desacuerdo,Totalmente de acuerdo,Neutral,Neutral,Totalmente en desacuerdo,Totalmente de acuerdo,De acuerdo,De acuerdo,Totalmente de acuerdo,De acuerdo,Neutral,
11/02/2025 05:25,De acuerdo,En desacuerdo,Totalmente de acuerdo,Totalmente de acuerdo,De acuerdo,Neutral,Neutral,En desacuerdo,Totalmente en desacuerdo,De acuerdo,De acuerdo,En desacuerdo,De acuerdo,
16/05/2025 07:54,Neutral,Neutral,En desacuerdo,Totalmente de acuerdo,De acuerdo,Neutral,Neutral,De acuerdo,Totalmente en desacuerdo,De acuerdo,Neutral,En desacuerdo,En desacuerdo,
24/06/2025 02:28,De acuerdo,Totalmente de acuerdo,Totalmente de acuerdo,De acuerdo,Totalmente de acuerdo,Neutral,Neutral,Neutral,De acuerdo,En desacuerdo,Totalmente de acuerdo,De acuerdo,Neutral,
28/04/2025 01:20,De acuerdo,En desacuerdo,En desacuerdo,En desacuerdo,De acuerdo,Neutral,Neutral,De acuerdo,En desacuerdo,De acuerdo,De acuerdo,De acuerdo,Totalmente de acuerdo,
28/05/2025 19:41,De acuerdo,En desacuerdo,Totalmente de acuerdo,En desacuerdo,De acuerdo,En desacuerdo,De acuerdo,En desacuerdo,De acuerdo,Neutral,Neutral,Neutral,De acuerdo,
05/02/2025 11:23,De acuerdo,Totalmente de acuerdo,Totalmente de acuerdo,Totalmente de acuerdo,De acuerdo,Neutral,En desacuerdo,En desacuerdo,De acuerdo,De acuerdo,De acuerdo,De acuerdo,En desacuerdo,
20/03/2025 06:11,De acuerdo,En desacuerdo,De acuerdo,Neutral,Totalmente de acuerdo,En desacuerdo,Totalmente de acuerdo,Totalmente de acuerdo,Totalmente en desacuerdo,Neutral,De acuerdo,Neutral,Neutral,"La estrategia de precios dinámicos me parece buena, pero debería ser más transparente."
15/05/2025 21:43,De acuerdo,En desacuerdo,De acuerdo,Neutral,Neutral,De acuerdo,Neutral,En desacuerdo,De acuerdo,Totalmente de acuerdo,Totalmente de acuerdo,De acuerdo,De acuerdo,"Me parece que la lógica de precios parece algo confusa, no siempre entiendo cuándo es el mejor momento."
05/04/2025 06:47,Totalmente de acuerdo,Neutral,De acuerdo,De acuerdo,Neutral,En desacuerdo,En desacuerdo,Neutral,De acuerdo,Neutral,De acuerdo,De acuerdo,Totalmente de acuerdo,"Me gusta que los precios cambian demasiado seguido, y por eso programo mis compras con antelación."
05/05/2025 03:14,De acuerdo,De acuerdo,Totalmente de acuerdo,En desacuerdo,Totalmente de acuerdo,En desacuerdo,En desacuerdo,Neutral,De acuerdo,De acuerdo,De acuerdo,De acuerdo,Totalmente de acuerdo,
13/03/2025 22:51,Totalmente de acuerdo,Neutral,Totalmente de acuerdo,Totalmente de acuerdo,De acuerdo,En desacuerdo,Neutral,En desacuerdo,De acuerdo,Neutral,De acuerdo,De acuerdo,En desacuerdo,"Siento que la estrategia tiene sentido si no tienes urgencia, lo cual me parece razonable dadas las condiciones del mercado."""
21/02/2025 12:53,En desacuerdo,En desacuerdo,De acuerdo,De acuerdo,Neutral,En desacuerdo,En desacuerdo,Neutral,Totalmente de acuerdo,Neutral,Totalmente de acuerdo,En desacuerdo,Neutral,
06/02/2025 16:26,Totalmente de acuerdo,Neutral,De acuerdo,Neutral,De acuerdo,En desacuerdo,De acuerdo,En desacuerdo,En desacuerdo,Neutral,De acuerdo,De acuerdo,Neutral,
11/06/2025 00:38,Totalmente de acuerdo,Neutral,Totalmente de acuerdo,En desacuerdo,De acuerdo,En desacuerdo,Neutral,En desacuerdo,De acuerdo,De acuerdo,Neutral,Totalmente de acuerdo,Neutral,
15/01/2025 00:01,Totalmente de acuerdo,En desacuerdo,De acuerdo,Totalmente de acuerdo,De acuerdo,Neutral,De acuerdo,En desacuerdo,Totalmente de acuerdo,Totalmente de acuerdo,Neutral,En desacuerdo,De acuerdo,
23/06/2025 01:14,En desacuerdo,Neutral,Totalmente de acuerdo,Totalmente de acuerdo,Neutral,Neutral,Neutral,Neutral,Totalmente en desacuerdo,Neutral,Neutral,De acuerdo,Neutral,
31/03/2025 08:37,De acuerdo,En desacuerdo,Totalmente en desacuerdo,Neutral,Totalmente de acuerdo,En desacuerdo,En desacuerdo,Neutral,De acuerdo,Totalmente de acuerdo,En desacuerdo,De acuerdo,De acuerdo,
05/03/2025 09:58,Totalmente de acuerdo,En desacuerdo,Totalmente de acuerdo,En desacuerdo,De acuerdo,En desacuerdo,En desacuerdo,En desacuerdo,De acuerdo,De acuerdo,Totalmente de acuerdo,Neutral,De acuerdo,
09/01/2025 12:53,De acuerdo,De acuerdo,De acuerdo,De acuerdo,De acuerdo,De acuerdo,Neutral,Neutral,De acuerdo,De acuerdo,De acuerdo,En desacuerdo,Totalmente de acuerdo,
13/06/2025 01:21,Neutral,En desacuerdo,De acuerdo,Totalmente de acuerdo,De acuerdo,Neutral,Neutral,Totalmente de acuerdo,En desacuerdo,Neutral,Totalmente de acuerdo,De acuerdo,Totalmente de acuerdo,"Siento que la estrategia tiene sentido si no tienes urgencia, por eso prefiero comprar en meses tranquilos."
08/04/2025 03:54,De acuerdo,En desacuerdo,De acuerdo,Totalmente de acuerdo,Totalmente en desacuerdo,En desacuerdo,Totalmente de acuerdo,En desacuerdo,De acuerdo,Neutral,De acuerdo,De acuerdo,De acuerdo,
13/04/2025 16:50,De acuerdo,En desacuerdo,De acuerdo,En desacuerdo,De acuerdo,Neutral,En desacuerdo,Neutral,De acuerdo,Totalmente de acuerdo,Neutral,En desacuerdo,En desacuerdo,
01/03/2025 22:21,De acuerdo,En desacuerdo,Totalmente de acuerdo,Neutral,Totalmente de acuerdo,De acuerdo,En desacuerdo,Neutral,De acuerdo,De acuerdo,Neutral,Totalmente de acuerdo,De acuerdo,
15/04/2025 19:23,Neutral,En desacuerdo,Totalmente de acuerdo,En desacuerdo,De acuerdo,En desacuerdo,Neutral,De acuerdo,Totalmente de acuerdo,De acuerdo,Totalmente de acuerdo,En desacuerdo,Neutral,
11/05/2025 11:21,En desacuerdo,De acuerdo,Totalmente en desacuerdo,En desacuerdo,Neutral,En desacuerdo,Neutral,Neutral,De acuerdo,De acuerdo,Totalmente de acuerdo,De acuerdo,Neutral,"Siempre noto que el precio 'original' aparece unos días antes de la oferta, como si alguien lo hubiera subido solo para fingir un ahorro después."
04/04/2025 04:10,En desacuerdo,Totalmente de acuerdo,Totalmente de acuerdo,Totalmente de acuerdo,Totalmente en desacuerdo,En desacuerdo,Neutral,De acuerdo,Totalmente de acuerdo,De acuerdo,De acuerdo,De acuerdo,Totalmente de acuerdo,
23/06/2025 08:38,De acuerdo,Totalmente de acuerdo,De acuerdo,De acuerdo,Neutral,Neutral,Neutral,De acuerdo,De acuerdo,De acuerdo,De acuerdo,De acuerdo,Neutral,
01/05/2025 02:44,De acuerdo,En desacuerdo,De acuerdo,En desacuerdo,Totalmente de acuerdo,En desacuerdo,En desacuerdo,De acuerdo,De acuerdo,De acuerdo,Neutral,De acuerdo,De acuerdo,
28/02/2025 22:38,De acuerdo,De acuerdo,Neutral,Totalmente en desacuerdo,Totalmente de acuerdo,Neutral,De acuerdo,En desacuerdo,De acuerdo,En desacuerdo,Totalmente de acuerdo,Totalmente de acuerdo,De acuerdo,
14/05/2025 23:13,De acuerdo,En desacuerdo,De acuerdo,Neutral,De acuerdo,Neutral,Neutral,En desacuerdo,De acuerdo,De acuerdo,De acuerdo,En desacuerdo,De acuerdo,"Es evidente que los descuentos no siempre coinciden con mi momento de compra, aunque sería mejor si avisaran con tiempo."
17/01/2025 05:15,Totalmente de acuerdo,En desacuerdo,Totalmente de acuerdo,En desacuerdo,Totalmente de acuerdo,Neutral,En desacuerdo,De acuerdo,De acuerdo,De acuerdo,Neutral,De acuerdo,De acuerdo,"Me incomoda que los precios en temporada alta son muy elevados, y pero ahora busca comprar antes o después de esas temporadas."
20/02/2025 21:59,Neutral,De acuerdo,De acuerdo,Totalmente en desacuerdo,De acuerdo,Neutral,Neutral,Totalmente de acuerdo,De acuerdo,Totalmente de acuerdo,En desacuerdo,De acuerdo,De acuerdo,
20/03/2025 13:01,Neutral,En desacuerdo,De acuerdo,Totalmente de acuerdo,Totalmente de acuerdo,En desacuerdo,En desacuerdo,Neutral,De acuerdo,Neutral,De acuerdo,De acuerdo,Neutral,
18/01/2025 19:07,Totalmente de acuerdo,En desacuerdo,Neutral,En desacuerdo,En desacuerdo,Neutral,En desacuerdo,En desacuerdo,De acuerdo,De acuerdo,De acuerdo,En desacuerdo,Totalmente de acuerdo,
16/02/2025 06:14,Totalmente de acuerdo,En desacuerdo,En desacuerdo,En desacuerdo,En desacuerdo,En desacuerdo,Totalmente de acuerdo,Neutral,De acuerdo,En desacuerdo,De acuerdo,De acuerdo,De acuerdo,
10/01/2025 00:15,Totalmente de acuerdo,De acuerdo,De acuerdo,En desacuerdo,De acuerdo,Neutral,Neutral,En desacuerdo,De acuerdo,De acuerdo,Totalmente de acuerdo,De acuerdo,Totalmente de acuerdo,
24/05/2025 07:48,Neutral,En desacuerdo,De acuerdo,Neutral,Neutral,Neutral,Neutral,En desacuerdo,Totalmente de acuerdo,De acuerdo,Totalmente de acuerdo,De acuerdo,Totalmente de acuerdo,
31/01/2025 13:11,Neutral,De acuerdo,En desacuerdo,En desacuerdo,De acuerdo,De acuerdo,Neutral,En desacuerdo,De acuerdo,Neutral,Neutral,De acuerdo,De acuerdo,
02/04/2025 02:50,Neutral,Totalmente de acuerdo,De acuerdo,De acuerdo,De acuerdo,En desacuerdo,En desacuerdo,Neutral,De acuerdo,De acuerdo,De acuerdo,De acuerdo,Neutral,
15/05/2025 18:02,Totalmente de acuerdo,De acuerdo,Totalmente de acuerdo,En desacuerdo,De acuerdo,Neutral,Totalmente de acuerdo,En desacuerdo,En desacuerdo,De acuerdo,De acuerdo,En desacuerdo,Neutral,
03/05/2025 17:52,Neutral,De acuerdo,Totalmente de acuerdo,Totalmente en desacuerdo,Totalmente de acuerdo,Neutral,En desacuerdo,Neutral,Totalmente en desacuerdo,Totalmente de acuerdo,Neutral,De acuerdo,En desacuerdo,
16/02/2025 12:50,En desacuerdo,En desacuerdo,Totalmente de acuerdo,Totalmente de acuerdo,De acuerdo,En desacuerdo,Totalmente en desacuerdo,En desacuerdo,Neutral,De acuerdo,De acuerdo,De acuerdo,Neutral,
25/01/2025 21:05,Neutral,De acuerdo,Totalmente de acuerdo,Totalmente de acuerdo,De acuerdo,Neutral,En desacuerdo,Neutral,Totalmente de acuerdo,De acuerdo,De acuerdo,De acuerdo,Neutral,A veces parece injusto que el mismo producto suba tanto de un mes a otro.
18/06/2025 10:21,Totalmente de acuerdo,Neutral,En desacuerdo,De acuerdo,De acuerdo,En desacuerdo,En desacuerdo,En desacuerdo,De acuerdo,De acuerdo,De acuerdo,De acuerdo,Totalmente de acuerdo,"Mi truco es simple, si un artículo que quiero aparece como ultimos disponibles, lo reviso en la mañana y en la tarde. Varias veces he visto cómo el precio baja por esas horas, seguramente para liquidar lo que queda. Aprovecho y compro rápido."
08/01/2025 22:47,Neutral,En desacuerdo,De acuerdo,Totalmente de acuerdo,De acuerdo,En desacuerdo,Neutral,En desacuerdo,De acuerdo,De acuerdo,De acuerdo,De acuerdo,Totalmente de acuerdo,
05/01/2025 03:02,En desacuerdo,En desacuerdo,De acuerdo,En desacuerdo,Totalmente de acuerdo,Neutral,Neutral,Neutral,De acuerdo,De acuerdo,De acuerdo,De acuerdo,Totalmente de acuerdo,
03/01/2025 05:25,Totalmente de acuerdo,De acuerdo,De acuerdo,Totalmente de acuerdo,En desacuerdo,En desacuerdo,Neutral,En desacuerdo,De acuerdo,Neutral,De acuerdo,De acuerdo,Neutral,
11/05/2025 06:29,De acuerdo,En desacuerdo,De acuerdo,Totalmente de acuerdo,Totalmente en desacuerdo,Neutral,Neutral,Neutral,Totalmente de acuerdo,Totalmente de acuerdo,De acuerdo,De acuerdo,De acuerdo,
30/05/2025 07:14,Neutral,En desacuerdo,De acuerdo,Totalmente de acuerdo,De acuerdo,En desacuerdo,Neutral,De acuerdo,De acuerdo,Totalmente de acuerdo,De acuerdo,De acuerdo,Neutral,
21/06/2025 14:06,En desacuerdo,En desacuerdo,Totalmente de acuerdo,De acuerdo,Totalmente de acuerdo,Neutral,En desacuerdo,En desacuerdo,Totalmente de acuerdo,De acuerdo,Totalmente de acuerdo,De acuerdo,De acuerdo,
03/02/2025 00:36,Neutral,Neutral,Totalmente de acuerdo,Neutral,En desacuerdo,De acuerdo,Neutral,De acuerdo,De acuerdo,De acuerdo,Totalmente de acuerdo,De acuerdo,Neutral,
25/02/2025 18:58,De acuerdo,De acuerdo,Totalmente de acuerdo,Totalmente de acuerdo,Totalmente de acuerdo,Neutral,Totalmente en desacuerdo,Neutral,De acuerdo,Neutral,De acuerdo,De acuerdo,Neutral,
30/01/2025 13:45,De acuerdo,Neutral,En desacuerdo,Neutral,De acuerdo,Neutral,Neutral,Neutral,De acuerdo,Totalmente de acuerdo,Totalmente de acuerdo,De acuerdo,De acuerdo,
16/01/2025 15:36,Totalmente de acuerdo,En desacuerdo,Totalmente en desacuerdo,Totalmente de acuerdo,Totalmente de acuerdo,En desacuerdo,En desacuerdo,En desacuerdo,De acuerdo,Totalmente de acuerdo,De acuerdo,De acuerdo,De acuerdo,
15/02/2025 17:15,En desacuerdo,En desacuerdo,Totalmente de acuerdo,Totalmente en desacuerdo,Neutral,En desacuerdo,Neutral,En desacuerdo,De acuerdo,En desacuerdo,De acuerdo,Neutral,De acuerdo,
03/03/2025 05:12,De acuerdo,De acuerdo,Totalmente de acuerdo,Totalmente de acuerdo,Neutral,Neutral,En desacuerdo,Neutral,De acuerdo,De acuerdo,Totalmente de acuerdo,De acuerdo,De acuerdo,
21/05/2025 15:08,Totalmente de acuerdo,En desacuerdo,Totalmente de acuerdo,Totalmente de acuerdo,En desacuerdo,En desacuerdo,Totalmente en desacuerdo,En desacuerdo,De acuerdo,De acuerdo,Totalmente de acuerdo,En desacuerdo,De acuerdo,
02/01/2025 18:47,Neutral,De acuerdo,Totalmente de acuerdo,De acuerdo,Totalmente en desacuerdo,Neutral,En desacuerdo,Totalmente de acuerdo,De acuerdo,De acuerdo,De acuerdo,Neutral,De acuerdo,
02/04/2025 13:49,Totalmente de acuerdo,Totalmente de acuerdo,De acuerdo,Totalmente de acuerdo,De acuerdo,Neutral,Totalmente de acuerdo,En desacuerdo,De acuerdo,Neutral,Neutral,De acuerdo,Neutral,
21/02/2025 16:41,En desacuerdo,En desacuerdo,Totalmente de acuerdo,Totalmente de acuerdo,Neutral,Neutral,Neutral,Neutral,De acuerdo,De acuerdo,En desacuerdo,De acuerdo,De acuerdo,
15/02/2025 04:53,Totalmente de acuerdo,En desacuerdo,Totalmente en desacuerdo,Totalmente de acuerdo,De acuerdo,En desacuerdo,Neutral,Neutral,De acuerdo,De acuerdo,De acuerdo,De acuerdo,Neutral,
04/03/2025 21:36,En desacuerdo,En desacuerdo,Totalmente de acuerdo,Totalmente de acuerdo,Neutral,Neutral,Totalmente de acuerdo,Neutral,De acuerdo,En desacuerdo,De acuerdo,Neutral,Totalmente de acuerdo,
23/05/2025 12:05,Totalmente de acuerdo,De acuerdo,De acuerdo,En desacuerdo,Neutral,De acuerdo,Totalmente en desacuerdo,En desacuerdo,De acuerdo,De acuerdo,De acuerdo,En desacuerdo,Neutral,
06/01/2025 15:30,Neutral,Totalmente de acuerdo,Totalmente de acuerdo,Totalmente de acuerdo,En desacuerdo,Neutral,Neutral,Neutral,De acuerdo,Neutral,Neutral,De acuerdo,Neutral,
28/05/2025 10:23,Totalmente de acuerdo,En desacuerdo,De acuerdo,De acuerdo,Neutral,En desacuerdo,Neutral,En desacuerdo,Neutral,Neutral,De acuerdo,De acuerdo,De acuerdo,
26/02/2025 17:05,Neutral,De acuerdo,Neutral,En desacuerdo,En desacuerdo,De acuerdo,Neutral,Neutral,De acuerdo,De acuerdo,Neutral,De acuerdo,Totalmente de acuerdo,
17/05/2025 20:40,De acuerdo,Neutral,Totalmente de acuerdo,De acuerdo,Totalmente de acuerdo,Neutral,Neutral,En desacuerdo,De acuerdo,En desacuerdo,Neutral,En desacuerdo,Neutral,
04/05/2025 04:44,Totalmente de acuerdo,En desacuerdo,De acuerdo,Totalmente de acuerdo,Neutral,En desacuerdo,En desacuerdo,En desacuerdo,De acuerdo,De acuerdo,Neutral,De acuerdo,De acuerdo,"He notado que puedo ahorrar si espero el mes adecuado, lo cual me parece razonable dadas las condiciones del mercado."
24/02/2025 12:08,Neutral,De acuerdo,Totalmente en desacuerdo,En desacuerdo,En desacuerdo,En desacuerdo,En desacuerdo,Neutral,De acuerdo,De acuerdo,Totalmente de acuerdo,De acuerdo,Neutral,
02/01/2025 22:18,Totalmente de acuerdo,En desacuerdo,Totalmente de acuerdo,Neutral,De acuerdo,En desacuerdo,Neutral,En desacuerdo,De acuerdo,De acuerdo,De acuerdo,De acuerdo,Totalmente de acuerdo,
29/03/2025 13:11,En desacuerdo,De acuerdo,De acuerdo,Totalmente en desacuerdo,De acuerdo,Neutral,Totalmente en desacuerdo,Totalmente de acuerdo,Neutral,De acuerdo,De acuerdo,De acuerdo,Totalmente de acuerdo,"Entiendo que cambien los precios según la demanda, pero no siempre es claro cuándo baja."
25/06/2025 15:37,Neutral,Neutral,De acuerdo,En desacuerdo,De acuerdo,En desacuerdo,En desacuerdo,En desacuerdo,De acuerdo,De acuerdo,De acuerdo,De acuerdo,Neutral,"He notado que los precios cambian demasiado seguido, y eso me obliga a estar pendiente del calendario."
31/01/2025 22:42,Neutral,En desacuerdo,En desacuerdo,Neutral,De acuerdo,En desacuerdo,Totalmente en desacuerdo,Neutral,De acuerdo,De acuerdo,En desacuerdo,Neutral,En desacuerdo,
31/01/2025 18:12,De acuerdo,De acuerdo,Totalmente en desacuerdo,Neutral,De acuerdo,Neutral,En desacuerdo,De acuerdo,Totalmente de acuerdo,De acuerdo,De acuerdo,De acuerdo,En desacuerdo,
20/03/2025 09:25,De acuerdo,De acuerdo,En desacuerdo,En desacuerdo,Neutral,Neutral,Totalmente en desacuerdo,Totalmente de acuerdo,Totalmente de acuerdo,De acuerdo,Totalmente de acuerdo,Totalmente de acuerdo,De acuerdo,
20/04/2025 05:57,Neutral,Totalmente de acuerdo,Totalmente de acuerdo,Totalmente de acuerdo,De acuerdo,En desacuerdo,Totalmente de acuerdo,En desacuerdo,De acuerdo,De acuerdo,De acuerdo,De acuerdo,De acuerdo,
30/04/2025 04:05,De acuerdo,Neutral,En desacuerdo,De acuerdo,Totalmente de acuerdo,En desacuerdo,En desacuerdo,En desacuerdo,De acuerdo,De acuerdo,De acuerdo,De acuerdo,Neutral,
13/05/2025 01:30,Totalmente de acuerdo,En desacuerdo,De acuerdo,Neutral,De acuerdo,En desacuerdo,En desacuerdo,En desacuerdo,En desacuerdo,De acuerdo,De acuerdo,De acuerdo,Neutral,
30/05/2025 14:19,En desacuerdo,De acuerdo,En desacuerdo,En desacuerdo,Totalmente de acuerdo,En desacuerdo,Totalmente en desacuerdo,Neutral,Neutral,De acuerdo,Neutral,Neutral,Totalmente de acuerdo,
20/01/2025 12:58,En desacuerdo,En desacuerdo,Neutral,En desacuerdo,Totalmente de acuerdo,Neutral,En desacuerdo,De acuerdo,De acuerdo,De acuerdo,Totalmente de acuerdo,De acuerdo,De acuerdo,
16/04/2025 06:55,Neutral,En desacuerdo,Neutral,En desacuerdo,De acuerdo,Neutral,Neutral,Neutral,Totalmente de acuerdo,De acuerdo,De acuerdo,De acuerdo,De acuerdo,
01/06/2025 13:03,En desacuerdo,Totalmente de acuerdo,Totalmente de acuerdo,Neutral,De acuerdo,En desacuerdo,En desacuerdo,En desacuerdo,De acuerdo,Neutral,De acuerdo,De acuerdo,Neutral,
21/03/2025 17:44,Neutral,En desacuerdo,De acuerdo,Totalmente en desacuerdo,Totalmente de acuerdo,En desacuerdo,Neutral,Totalmente de acuerdo,De acuerdo,De acuerdo,De acuerdo,De acuerdo,De acuerdo,"El stock se agota rápido cuando bajan los precios, sería mejor si avisaran con tiempo."
29/03/2025 23:44,En desacuerdo,En desacuerdo,De acuerdo,Totalmente de acuerdo,De acuerdo,Neutral,Neutral,En desacuerdo,De acuerdo,De acuerdo,Totalmente de acuerdo,Totalmente de acuerdo,Totalmente de acuerdo,"El sistema me parece útil, pero deberían evitar quedarse sin stock cuando bajan los precios."
22/03/2025 03:45,Neutral,En desacuerdo,De acuerdo,Neutral,De acuerdo,Neutral,En desacuerdo,En desacuerdo,De acuerdo,De acuerdo,Totalmente de acuerdo,Totalmente de acuerdo,De acuerdo,
18/06/2025 11:55,De acuerdo,En desacuerdo,Totalmente de acuerdo,Totalmente en desacuerdo,De acuerdo,En desacuerdo,De acuerdo,En desacuerdo,De acuerdo,Neutral,Totalmente de acuerdo,De acuerdo,Neutral,
03/02/2025 18:25,En desacuerdo,En desacuerdo,Totalmente en desacuerdo,En desacuerdo,Totalmente de acuerdo,En desacuerdo,En desacuerdo,Neutral,Neutral,De acuerdo,De acuerdo,Totalmente de acuerdo,De acuerdo,
06/05/2025 15:15,De acuerdo,En desacuerdo,De acuerdo,De acuerdo,De acuerdo,En desacuerdo,En desacuerdo,De acuerdo,Totalmente de acuerdo,Neutral,Totalmente de acuerdo,De acuerdo,En desacuerdo,
14/04/2025 13:39,De acuerdo,De acuerdo,De acuerdo,Totalmente de acuerdo,Totalmente de acuerdo,En desacuerdo,En desacuerdo,En desacuerdo,De acuerdo,Totalmente de acuerdo,Neutral,En desacuerdo,Totalmente de acuerdo,
15/05/2025 12:53,Totalmente de acuerdo,Neutral,Neutral,En desacuerdo,De acuerdo,En desacuerdo,En desacuerdo,Neutral,Neutral,Totalmente de acuerdo,Totalmente de acuerdo,Neutral,Neutral,
25/01/2025 08:36,De acuerdo,Neutral,Neutral,Neutral,De acuerdo,Neutral,En desacuerdo,Neutral,Totalmente de acuerdo,De acuerdo,Neutral,En desacuerdo,De acuerdo,
22/03/2025 08:36,Totalmente de acuerdo,Totalmente de acuerdo,Totalmente de acuerdo,Neutral,En desacuerdo,En desacuerdo,Totalmente de acuerdo,En desacuerdo,De acuerdo,De acuerdo,Totalmente de acuerdo,De acuerdo,De acuerdo,"Los precios cambian demasiado seguido, y eso me ha ayudado a ahorrar en varias ocasiones."
16/06/2025 05:15,Neutral,Neutral,De acuerdo,En desacuerdo,Totalmente en desacuerdo,En desacuerdo,Totalmente de acuerdo,Neutral,Neutral,De acuerdo,De acuerdo,De acuerdo,Totalmente de acuerdo,
14/02/2025 05:16,De acuerdo,En desacuerdo,De acuerdo,Totalmente de acuerdo,Totalmente de acuerdo,En desacuerdo,Totalmente de acuerdo,En desacuerdo,De acuerdo,De acuerdo,De acuerdo,De acuerdo,De acuerdo,
18/03/2025 00:34,Neutral,Neutral,Totalmente de acuerdo,De acuerdo,De acuerdo,Neutral,En desacuerdo,Neutral,Totalmente de acuerdo,De acuerdo,Totalmente de acuerdo,De acuerdo,En desacuerdo,
08/02/2025 04:48,De acuerdo,Neutral,Neutral,Totalmente de acuerdo,De acuerdo,En desacuerdo,Neutral,Neutral,De acuerdo,En desacuerdo,De acuerdo,De acuerdo,De acuerdo,"Opino que la lógica de precios parece algo confusa, aunque me parece razonable dadas las condiciones del mercado."
17/02/2025 04:33,Totalmente de acuerdo,En desacuerdo,De acuerdo,En desacuerdo,Totalmente de acuerdo,Neutral,Neutral,En desacuerdo,De acuerdo,De acuerdo,Neutral,En desacuerdo,Totalmente de acuerdo,
07/01/2025 11:11,De acuerdo,De acuerdo,De acuerdo,Totalmente en desacuerdo,De acuerdo,Neutral,Neutral,En desacuerdo,En desacuerdo,Neutral,De acuerdo,En desacuerdo,De acuerdo,
15/06/2025 22:37,Totalmente de acuerdo,En desacuerdo,Totalmente de acuerdo,Neutral,Totalmente en desacuerdo,En desacuerdo,Neutral,Neutral,Totalmente de acuerdo,De acuerdo,En desacuerdo,De acuerdo,Neutral,
17/03/2025 08:23,Neutral,Neutral,De acuerdo,En desacuerdo,Neutral,Neutral,En desacuerdo,En desacuerdo,De acuerdo,De acuerdo,Totalmente de acuerdo,De acuerdo,De acuerdo,"Es una alternativa viable, solo cuando se planifica y proyecta de manera apropiada la obtención de un producto y el mismo resulta ser totalmente negativo y perjudicial, cuando por suma necesidad sé requiere un bien, de manera inmediata y no se presentan buenos precios en ese instante."
13/06/2025 08:56,De acuerdo,Neutral,De acuerdo,Totalmente de acuerdo,Totalmente en desacuerdo,Neutral,Neutral,Neutral,Neutral,De acuerdo,Totalmente de acuerdo,De acuerdo,En desacuerdo,"Sé que en temporada alta los precios suben, por eso me organizo con tiempo para comprar lo necesario sin pagar de más"
04/04/2025 05:10,Totalmente de acuerdo,Neutral,De acuerdo,Totalmente de acuerdo,Neutral,En desacuerdo,Totalmente en desacuerdo,Neutral,Totalmente de acuerdo,Neutral,De acuerdo,De acuerdo,Totalmente de acuerdo,
05/01/2025 04:51,De acuerdo,En desacuerdo,Totalmente en desacuerdo,En desacuerdo,De acuerdo,En desacuerdo,Neutral,En desacuerdo,De acuerdo,Neutral,De acuerdo,En desacuerdo,De acuerdo,
06/01/2025 20:06,Totalmente de acuerdo,En desacuerdo,Totalmente de acuerdo,Neutral,De acuerdo,Neutral,Totalmente de acuerdo,En desacuerdo,De acuerdo,Neutral,Neutral,Totalmente de acuerdo,Totalmente de acuerdo,
08/06/2025 17:45,En desacuerdo,De acuerdo,Totalmente de acuerdo,Neutral,De acuerdo,Neutral,En desacuerdo,De acuerdo,De acuerdo,De acuerdo,Neutral,De acuerdo,En desacuerdo,
22/03/2025 04:35,Neutral,Neutral,Totalmente en desacuerdo,En desacuerdo,De acuerdo,Neutral,En desacuerdo,Neutral,Totalmente de acuerdo,Totalmente de acuerdo,Neutral,De acuerdo,De acuerdo,
03/06/2025 05:16,Totalmente de acuerdo,En desacuerdo,De acuerdo,Neutral,De acuerdo,En desacuerdo,Totalmente de acuerdo,Neutral,De acuerdo,De acuerdo,Totalmente de acuerdo,En desacuerdo,Totalmente de acuerdo,
19/04/2025 21:01,Neutral,Neutral,Totalmente de acuerdo,Neutral,De acuerdo,En desacuerdo,Totalmente en desacuerdo,Neutral,Totalmente en desacuerdo,Totalmente de acuerdo,De acuerdo,En desacuerdo,Neutral,
08/03/2025 17:37,En desacuerdo,Totalmente de acuerdo,De acuerdo,Totalmente de acuerdo,Totalmente de acuerdo,Neutral,En desacuerdo,Neutral,De acuerdo,De acuerdo,Totalmente de acuerdo,Totalmente de acuerdo,En desacuerdo,
26/03/2025 02:24,Neutral,En desacuerdo,Totalmente de acuerdo,En desacuerdo,En desacuerdo,Neutral,Totalmente de acuerdo,En desacuerdo,De acuerdo,De acuerdo,Neutral,De acuerdo,Neutral,
02/06/2025 15:07,Neutral,En desacuerdo,De acuerdo,Totalmente de acuerdo,De acuerdo,Neutral,Neutral,Neutral,Totalmente en desacuerdo,Totalmente de acuerdo,De acuerdo,De acuerdo,Totalmente de acuerdo,
24/04/2025 02:32,Totalmente de acuerdo,Neutral,En desacuerdo,Totalmente de acuerdo,De acuerdo,En desacuerdo,Neutral,Neutral,De acuerdo,De acuerdo,De acuerdo,En desacuerdo,Totalmente de acuerdo,A veces varios vendedores suben precios simultáneamente antes de una promoción. Parece coordinado y el 'descuento' solo los devuelve a lo que deberían costar.
06/02/2025 14:14,Totalmente de acuerdo,De acuerdo,Totalmente en desacuerdo,En desacuerdo,Neutral,Neutral,En desacuerdo,Neutral,Totalmente de acuerdo,De acuerdo,De acuerdo,De acuerdo,De acuerdo,
17/03/2025 06:58,De acuerdo,Neutral,Neutral,De acuerdo,De acuerdo,En desacuerdo,Neutral,En desacuerdo,De acuerdo,De acuerdo,De acuerdo,De acuerdo,Neutral,"Es evidente que el stock se agota rápido cuando bajan los precios, aunque sería mejor si avisaran con tiempo."
05/06/2025 05:32,Totalmente de acuerdo,En desacuerdo,Totalmente de acuerdo,Neutral,De acuerdo,Neutral,En desacuerdo,Neutral,De acuerdo,Totalmente de acuerdo,De acuerdo,Totalmente de acuerdo,De acuerdo,
09/05/2025 12:22,En desacuerdo,En desacuerdo,Totalmente de acuerdo,Neutral,De acuerdo,Neutral,En desacuerdo,Neutral,De acuerdo,Neutral,De acuerdo,Totalmente de acuerdo,Neutral,
27/05/2025 04:37,Totalmente de acuerdo,Neutral,De acuerdo,En desacuerdo,Neutral,En desacuerdo,Totalmente en desacuerdo,En desacuerdo,De acuerdo,De acuerdo,De acuerdo,De acuerdo,De acuerdo,
26/03/2025 01:14,De acuerdo,En desacuerdo,Totalmente de acuerdo,Totalmente de acuerdo,De acuerdo,En desacuerdo,Neutral,Neutral,De acuerdo,De acuerdo,Neutral,De acuerdo,De acuerdo,
05/02/2025 05:51,Totalmente de acuerdo,En desacuerdo,En desacuerdo,Neutral,De acuerdo,En desacuerdo,En desacuerdo,Neutral,De acuerdo,De acuerdo,De acuerdo,De acuerdo,Neutral,
08/02/2025 08:18,En desacuerdo,En desacuerdo,De acuerdo,En desacuerdo,Totalmente de acuerdo,En desacuerdo,Neutral,Neutral,De acuerdo,De acuerdo,Neutral,En desacuerdo,Neutral,
15/06/2025 01:34,En desacuerdo,Neutral,En desacuerdo,Neutral,En desacuerdo,Neutral,Neutral,Neutral,Totalmente en desacuerdo,Neutral,Neutral,Neutral,Neutral,
07/03/2025 18:07,Totalmente de acuerdo,Neutral,Totalmente de acuerdo,En desacuerdo,De acuerdo,Neutral,Neutral,En desacuerdo,De acuerdo,De acuerdo,De acuerdo,De acuerdo,Neutral,
04/05/2025 18:20,En desacuerdo,Neutral,De acuerdo,Totalmente de acuerdo,De acuerdo,En desacuerdo,Neutral,Neutral,De acuerdo,De acuerdo,Neutral,De acuerdo,Neutral,"Los descuentos son como oportunidades fugaces: si no actúas rápido, se esfuman. Lo curioso es que, cuando menos lo planeas, aparece esa oferta perfecta que te hace sentir que ganaste el juego del consumo."
03/05/2025 06:33,Neutral,En desacuerdo,De acuerdo,Totalmente en desacuerdo,Neutral,En desacuerdo,En desacuerdo,Neutral,De acuerdo,Totalmente de acuerdo,Totalmente de acuerdo,En desacuerdo,De acuerdo,
12/06/2025 15:46,De acuerdo,De acuerdo,Totalmente de acuerdo,En desacuerdo,Totalmente en desacuerdo,Neutral,Neutral,Neutral,Totalmente de acuerdo,De acuerdo,En desacuerdo,De acuerdo,De acuerdo,
03/03/2025 14:13,Totalmente de acuerdo,Totalmente de acuerdo,De acuerdo,Totalmente de acuerdo,De acuerdo,De acuerdo,En desacuerdo,En desacuerdo,De acuerdo,De acuerdo,De acuerdo,De acuerdo,De acuerdo,
17/03/2025 12:45,Neutral,Neutral,Neutral,En desacuerdo,En desacuerdo,En desacuerdo,Totalmente en desacuerdo,En desacuerdo,De acuerdo,En desacuerdo,Neutral,De acuerdo,De acuerdo,
14/04/2025 10:45,En desacuerdo,En desacuerdo,De acuerdo,Neutral,Totalmente de acuerdo,Neutral,Neutral,Neutral,Totalmente en desacuerdo,De acuerdo,De acuerdo,De acuerdo,De acuerdo,"El sistema favorece a quienes planifican, y eso me ha ayudado a ahorrar en varias ocasiones."
18/01/2025 17:53,Totalmente de acuerdo,Neutral,En desacuerdo,Totalmente en desacuerdo,En desacuerdo,Neutral,Neutral,Neutral,De acuerdo,Totalmente de acuerdo,De acuerdo,De acuerdo,Totalmente de acuerdo,"Gracias a este sistema, pude comprar un celular mucho más barato en mayo."
12/03/2025 22:57,En desacuerdo,En desacuerdo,De acuerdo,Neutral,De acuerdo,Neutral,En desacuerdo,Neutral,En desacuerdo,En desacuerdo,Totalmente de acuerdo,De acuerdo,Totalmente de acuerdo,
05/02/2025 10:16,De acuerdo,En desacuerdo,De acuerdo,En desacuerdo,De acuerdo,En desacuerdo,Totalmente en desacuerdo,Totalmente de acuerdo,De acuerdo,De acuerdo,En desacuerdo,De acuerdo,En desacuerdo,
21/04/2025 03:32,De acuerdo,De acuerdo,De acuerdo,En desacuerdo,Totalmente en desacuerdo,En desacuerdo,Neutral,En desacuerdo,Totalmente en desacuerdo,De acuerdo,De acuerdo,Totalmente de acuerdo,Totalmente de acuerdo,
29/05/2025 02:57,De acuerdo,En desacuerdo,Totalmente de acuerdo,En desacuerdo,Totalmente de acuerdo,Neutral,En desacuerdo,Totalmente de acuerdo,De acuerdo,En desacuerdo,De acuerdo,De acuerdo,Neutral,
08/03/2025 09:19,Neutral,En desacuerdo,De acuerdo,En desacuerdo,Neutral,Neutral,En desacuerdo,En desacuerdo,Neutral,De acuerdo,Totalmente de acuerdo,De acuerdo,Neutral,
02/02/2025 21:26,Totalmente de acuerdo,De acuerdo,Totalmente de acuerdo,En desacuerdo,En desacuerdo,Neutral,En desacuerdo,Neutral,Totalmente de acuerdo,De acuerdo,Totalmente de acuerdo,En desacuerdo,Totalmente de acuerdo,"Me parece justo que bajen los precios en temporada baja, pero deberían avisarlo mejor."
01/04/2025 01:01,Totalmente de acuerdo,Neutral,Neutral,Totalmente de acuerdo,Totalmente de acuerdo,De acuerdo,Totalmente en desacuerdo,En desacuerdo,De acuerdo,De acuerdo,De acuerdo,De acuerdo,Neutral,
13/02/2025 22:11,Totalmente de acuerdo,Neutral,Totalmente de acuerdo,En desacuerdo,De acuerdo,Neutral,En desacuerdo,Neutral,De acuerdo,De acuerdo,Neutral,De acuerdo,De acuerdo,"Me parece que mercado libre podría informar mejor sobre los cambios de precio, aunque a veces genera frustración."
13/05/2025 22:47,Totalmente de acuerdo,Neutral,De acuerdo,De acuerdo,De acuerdo,En desacuerdo,Totalmente en desacuerdo,En desacuerdo,Totalmente en desacuerdo,Totalmente de acuerdo,Totalmente de acuerdo,De acuerdo,De acuerdo,
08/01/2025 04:37,Totalmente de acuerdo,Neutral,Totalmente de acuerdo,Totalmente de acuerdo,Neutral,Neutral,En desacuerdo,En desacuerdo,Totalmente de acuerdo,Neutral,De acuerdo,De acuerdo,De acuerdo,A veces no entiendo por qué el mismo producto cuesta más de una semana a otra.
20/05/2025 19:49,De acuerdo,Totalmente de acuerdo,Totalmente de acuerdo,De acuerdo,De acuerdo,En desacuerdo,Neutral,Neutral,Totalmente de acuerdo,De acuerdo,De acuerdo,En desacuerdo,Neutral,
22/03/2025 03:49,Neutral,Neutral,Neutral,En desacuerdo,De acuerdo,En desacuerdo,Neutral,De acuerdo,De acuerdo,De acuerdo,Neutral,De acuerdo,Totalmente de acuerdo,
21/03/2025 23:00,Neutral,De acuerdo,Totalmente de acuerdo,Totalmente de acuerdo,Totalmente de acuerdo,Neutral,En desacuerdo,En desacuerdo,Neutral,De acuerdo,De acuerdo,De acuerdo,De acuerdo,"En Mercado Libre, el historial de precios muestra que muchos productos 'en oferta' ya costaban lo mismo hace un mes. Solo los ponen las ofertas para generar urgencia."
02/04/2025 01:34,Totalmente de acuerdo,Neutral,De acuerdo,En desacuerdo,Totalmente en desacuerdo,Neutral,Neutral,En desacuerdo,De acuerdo,De acuerdo,De acuerdo,De acuerdo,Totalmente de acuerdo,
18/02/2025 00:15,Totalmente de acuerdo,En desacuerdo,Totalmente de acuerdo,Neutral,Totalmente de acuerdo,Neutral,En desacuerdo,En desacuerdo,De acuerdo,De acuerdo,Totalmente de acuerdo,De acuerdo,Neutral,
12/02/2025 13:51,Neutral,En desacuerdo,En desacuerdo,En desacuerdo,Totalmente de acuerdo,En desacuerdo,En desacuerdo,De acuerdo,De acuerdo,De acuerdo,Totalmente de acuerdo,Totalmente de acuerdo,Totalmente de acuerdo,
06/02/2025 15:23,De acuerdo,De acuerdo,De acuerdo,Neutral,En desacuerdo,En desacuerdo,Neutral,Neutral,Totalmente de acuerdo,Totalmente de acuerdo,De acuerdo,En desacuerdo,En desacuerdo,
15/05/2025 18:15,Neutral,De acuerdo,Neutral,Neutral,En desacuerdo,De acuerdo,Totalmente en desacuerdo,Neutral,Totalmente de acuerdo,Neutral,De acuerdo,De acuerdo,Totalmente de acuerdo,
10/05/2025 06:09,De acuerdo,En desacuerdo,Totalmente en desacuerdo,En desacuerdo,De acuerdo,Neutral,Totalmente en desacuerdo,En desacuerdo,De acuerdo,Neutral,De acuerdo,En desacuerdo,Neutral,"Intenté comprar un taclado esperando el descuento, pero no encontré disponibilidad."
15/02/2025 14:30,En desacuerdo,En desacuerdo,De acuerdo,De acuerdo,Totalmente de acuerdo,En desacuerdo,En desacuerdo,En desacuerdo,Totalmente de acuerdo,De acuerdo,De acuerdo,Totalmente de acuerdo,Totalmente de acuerdo,
17/03/2025 02:13,En desacuerdo,Neutral,Totalmente de acuerdo,Neutral,De acuerdo,Neutral,Neutral,En desacuerdo,De acuerdo,De acuerdo,Totalmente de acuerdo,De acuerdo,Totalmente de acuerdo,"Me incomoda que la lógica de precios parece algo confusa, lo cual es útil para algunos compradores."
02/06/2025 07:18,En desacuerdo,Neutral,De acuerdo,En desacuerdo,De acuerdo,Neutral,En desacuerdo,En desacuerdo,En desacuerdo,De acuerdo,De acuerdo,De acuerdo,Neutral,"Los precios cambian con mucha frecuencia, así que trato de estar al tanto para no perder las mejores oportunidades."
30/04/2025 15:00,En desacuerdo,De acuerdo,Totalmente de acuerdo,Totalmente de acuerdo,Totalmente de acuerdo,En desacuerdo,Totalmente de acuerdo,En desacuerdo,De acuerdo,De acuerdo,Totalmente de acuerdo,Neutral,Neutral,
08/05/2025 20:06,Totalmente de acuerdo,Neutral,De acuerdo,En desacuerdo,Neutral,En desacuerdo,Neutral,Neutral,De acuerdo,En desacuerdo,En desacuerdo,Totalmente de acuerdo,De acuerdo,
28/05/2025 06:07,En desacuerdo,Totalmente de acuerdo,De acuerdo,Totalmente de acuerdo,De acuerdo,Neutral,En desacuerdo,En desacuerdo,De acuerdo,De acuerdo,De acuerdo,De acuerdo,Neutral,
11/02/2025 12:53,De acuerdo,De acuerdo,De acuerdo,En desacuerdo,De acuerdo,De acuerdo,Totalmente de acuerdo,Neutral,Neutral,Totalmente de acuerdo,De acuerdo,De acuerdo,De acuerdo,
13/02/2025 16:40,De acuerdo,En desacuerdo,Totalmente de acuerdo,Neutral,Totalmente de acuerdo,Neutral,Neutral,En desacuerdo,Totalmente en desacuerdo,De acuerdo,De acuerdo,De acuerdo,En desacuerdo,
17/01/2025 01:15,De acuerdo,Neutral,De acuerdo,Totalmente de acuerdo,De acuerdo,En desacuerdo,Neutral,Totalmente de acuerdo,De acuerdo,Totalmente de acuerdo,De acuerdo,De acuerdo,Totalmente de acuerdo,
29/01/2025 05:15,En desacuerdo,Totalmente de acuerdo,De acuerdo,Neutral,Totalmente de acuerdo,De acuerdo,Totalmente en desacuerdo,En desacuerdo,De acuerdo,En desacuerdo,Totalmente de acuerdo,De acuerdo,De acuerdo,
19/04/2025 00:18,Totalmente de acuerdo,En desacuerdo,De acuerdo,En desacuerdo,Totalmente de acuerdo,Neutral,Neutral,Neutral,En desacuerdo,De acuerdo,Totalmente de acuerdo,De acuerdo,En desacuerdo,
14/05/2025 01:39,Totalmente de acuerdo,Totalmente de acuerdo,Totalmente de acuerdo,Neutral,De acuerdo,En desacuerdo,Neutral,Neutral,De acuerdo,De acuerdo,De acuerdo,En desacuerdo,Neutral,
27/05/2025 01:25,En desacuerdo,Neutral,De acuerdo,Totalmente en desacuerdo,Totalmente de acuerdo,Neutral,En desacuerdo,En desacuerdo,Neutral,Totalmente de acuerdo,De acuerdo,De acuerdo,Neutral,
30/04/2025 23:47,En desacuerdo,En desacuerdo,De acuerdo,Totalmente en desacuerdo,Totalmente de acuerdo,En desacuerdo,De acuerdo,Neutral,Neutral,De acuerdo,Totalmente de acuerdo,De acuerdo,En desacuerdo,
11/04/2025 01:30,Neutral,Neutral,En desacuerdo,Totalmente de acuerdo,De acuerdo,En desacuerdo,En desacuerdo,En desacuerdo,De acuerdo,De acuerdo,Neutral,De acuerdo,Neutral,
02/06/2025 13:08,Neutral,En desacuerdo,De acuerdo,En desacuerdo,De acuerdo,Neutral,De acuerdo,Neutral,De acuerdo,De acuerdo,En desacuerdo,De acuerdo,De acuerdo,
16/05/2025 09:23,En desacuerdo,Totalmente de acuerdo,De acuerdo,En desacuerdo,De acuerdo,Neutral,En desacuerdo,Neutral,En desacuerdo,Neutral,Neutral,De acuerdo,De acuerdo,
13/06/2025 11:56,De acuerdo,De acuerdo,De acuerdo,En desacuerdo,De acuerdo,En desacuerdo,De acuerdo,De acuerdo,Totalmente en desacuerdo,Totalmente de acuerdo,En desacuerdo,De acuerdo,Neutral,Los precios dinámicos me han ayudado a aprovechar las temporadas bajas y comprar más barato.
18/05/2025 16:30,Neutral,Neutral,Totalmente en desacuerdo,Totalmente de acuerdo,Neutral,Neutral,De acuerdo,Neutral,Totalmente en desacuerdo,De acuerdo,Totalmente de acuerdo,De acuerdo,De acuerdo,
24/04/2025 03:26,De acuerdo,De acuerdo,Totalmente en desacuerdo,En desacuerdo,Totalmente en desacuerdo,Neutral,Neutral,Totalmente de acuerdo,De acuerdo,De acuerdo,Totalmente de acuerdo,De acuerdo,Totalmente de acuerdo,
22/02/2025 11:06,De acuerdo,En desacuerdo,Totalmente de acuerdo,En desacuerdo,Totalmente en desacuerdo,En desacuerdo,Neutral,Neutral,De acuerdo,De acuerdo,Totalmente de acuerdo,De acuerdo,Neutral,"Me gusta que en Mercado Libre los precios cambian, porque así puedes encontrar buenas ofertas si esperas el momento adecuado. Eso sí, no hay que caer en la trampa del '¡últimas unidades!', porque a veces solo es para presionar al comprador."
17/04/2025 21:13,De acuerdo,En desacuerdo,Totalmente en desacuerdo,En desacuerdo,De acuerdo,En desacuerdo,Neutral,Neutral,De acuerdo,De acuerdo,Totalmente de acuerdo,En desacuerdo,Neutral,
13/02/2025 00:51,De acuerdo,Neutral,De acuerdo,Totalmente en desacuerdo,Neutral,Neutral,De acuerdo,Neutral,Neutral,De acuerdo,Totalmente de acuerdo,De acuerdo,En desacuerdo,"He visto productos que duplican su precio semanas antes del Hot Sale, para luego 'rebajarlos' al costo normal y hacerte creer que ahorras."
08/06/2025 19:21,De acuerdo,En desacuerdo,Totalmente de acuerdo,De acuerdo,Totalmente de acuerdo,Neutral,En desacuerdo,En desacuerdo,De acuerdo,De acuerdo,Neutral,De acuerdo,Neutral,"Siento que los precios cambian demasiado seguido, aunque sería mejor si avisaran con tiempo."
14/06/2025 18:49,En desacuerdo,De acuerdo,Totalmente de acuerdo,De acuerdo,Totalmente en desacuerdo,Neutral,En desacuerdo,Neutral,Totalmente en desacuerdo,Totalmente de acuerdo,De acuerdo,Totalmente de acuerdo,Neutral,
02/04/2025 09:28,En desacuerdo,De acuerdo,Totalmente de acuerdo,Totalmente en desacuerdo,De acuerdo,En desacuerdo,Totalmente en desacuerdo,Totalmente de acuerdo,De acuerdo,Totalmente de acuerdo,En desacuerdo,Totalmente de acuerdo,En desacuerdo,
16/01/2025 12:46,Totalmente de acuerdo,En desacuerdo,Neutral,En desacuerdo,Totalmente de acuerdo,En desacuerdo,Neutral,Neutral,Totalmente de acuerdo,Neutral,De acuerdo,De acuerdo,De acuerdo,
20/01/2025 02:34,De acuerdo,En desacuerdo,De acuerdo,De acuerdo,En desacuerdo,En desacuerdo,En desacuerdo,Neutral,Neutral,Totalmente de acuerdo,Totalmente de acuerdo,De acuerdo,Totalmente de acuerdo,
27/02/2025 14:09,Totalmente de acuerdo,Neutral,Totalmente en desacuerdo,Totalmente de acuerdo,Neutral,Neutral,En desacuerdo,De acuerdo,En desacuerdo,De acuerdo,Neutral,De acuerdo,Neutral,
21/03/2025 02:51,Neutral,En desacuerdo,De acuerdo,En desacuerdo,Neutral,Neutral,Neutral,Totalmente de acuerdo,En desacuerdo,En desacuerdo,De acuerdo,De acuerdo,Neutral,Deberían mandar notificaciones cuando bajen los precios de los productos que uno guarda.
18/03/2025 03:20,Totalmente de acuerdo,Totalmente de acuerdo,De acuerdo,En desacuerdo,Neutral,Neutral,Neutral,De acuerdo,En desacuerdo,En desacuerdo,Neutral,Neutral,De acuerdo,
22/03/2025 10:21,Neutral,Neutral,Totalmente de acuerdo,En desacuerdo,Neutral,Neutral,Totalmente de acuerdo,En desacuerdo,De acuerdo,Totalmente de acuerdo,De acuerdo,De acuerdo,De acuerdo,
02/01/2025 21:12,Totalmente de acuerdo,En desacuerdo,Totalmente de acuerdo,Totalmente en desacuerdo,De acuerdo,En desacuerdo,En desacuerdo,En desacuerdo,Totalmente en desacuerdo,Neutral,Totalmente de acuerdo,En desacuerdo,De acuerdo,
04/01/2025 22:28,De acuerdo,En desacuerdo,En desacuerdo,Neutral,De acuerdo,Neutral,Neutral,Totalmente de acuerdo,De acuerdo,Totalmente de acuerdo,De acuerdo,En desacuerdo,Neutral,
26/05/2025 14:17,De acuerdo,En desacuerdo,En desacuerdo,Totalmente en desacuerdo,De acuerdo,Neutral,En desacuerdo,Neutral,De acuerdo,Neutral,En desacuerdo,Totalmente de acuerdo,De acuerdo,"Las promociones en Mercado Libre se ven atractivas, pero no siempre coinciden con los precios bajos."
03/01/2025 07:11,Neutral,Neutral,Totalmente de acuerdo,Totalmente en desacuerdo,Totalmente de acuerdo,De acuerdo,De acuerdo,En desacuerdo,De acuerdo,De acuerdo,Totalmente de acuerdo,De acuerdo,De acuerdo,
12/04/2025 13:36,Neutral,En desacuerdo,Neutral,En desacuerdo,Totalmente en desacuerdo,En desacuerdo,Totalmente en desacuerdo,En desacuerdo,De acuerdo,De acuerdo,Totalmente de acuerdo,De acuerdo,De acuerdo,
14/04/2025 23:09,De acuerdo,En desacuerdo,En desacuerdo,Neutral,Neutral,Neutral,Neutral,En desacuerdo,Totalmente de acuerdo,De acuerdo,De acuerdo,De acuerdo,Neutral,
06/05/2025 18:22,Totalmente de acuerdo,Neutral,Totalmente de acuerdo,Totalmente de acuerdo,Neutral,Neutral,Totalmente en desacuerdo,Neutral,En desacuerdo,Neutral,Totalmente de acuerdo,De acuerdo,Neutral,
13/03/2025 19:33,De acuerdo,Totalmente de acuerdo,Totalmente de acuerdo,Totalmente de acuerdo,Neutral,En desacuerdo,Neutral,Totalmente de acuerdo,De acuerdo,Neutral,De acuerdo,En desacuerdo,De acuerdo,
30/03/2025 19:51,En desacuerdo,Neutral,De acuerdo,Totalmente de acuerdo,De acuerdo,En desacuerdo,Totalmente de acuerdo,En desacuerdo,De acuerdo,En desacuerdo,Neutral,De acuerdo,De acuerdo,"Me gusta que pueda guardar un producto y esperar a que baje de precio, pero no siempre funciona."
27/04/2025 15:40,En desacuerdo,De acuerdo,Neutral,Totalmente de acuerdo,De acuerdo,En desacuerdo,Neutral,En desacuerdo,De acuerdo,De acuerdo,Totalmente de acuerdo,Neutral,De acuerdo,
03/03/2025 04:52,Totalmente de acuerdo,Totalmente de acuerdo,Neutral,Neutral,Neutral,De acuerdo,Totalmente de acuerdo,En desacuerdo,De acuerdo,De acuerdo,Neutral,De acuerdo,Totalmente de acuerdo,
29/01/2025 06:23,Neutral,En desacuerdo,Neutral,Neutral,De acuerdo,Neutral,En desacuerdo,Neutral,De acuerdo,Totalmente de acuerdo,De acuerdo,De acuerdo,Neutral,
18/02/2025 13:36,En desacuerdo,En desacuerdo,De acuerdo,En desacuerdo,De acuerdo,En desacuerdo,Neutral,Neutral,En desacuerdo,En desacuerdo,En desacuerdo,En desacuerdo,De acuerdo,
05/01/2025 14:04,De acuerdo,En desacuerdo,De acuerdo,De acuerdo,Totalmente de acuerdo,En desacuerdo,Neutral,Totalmente de acuerdo,De acuerdo,Totalmente de acuerdo,De acuerdo,De acuerdo,Neutral,
20/04/2025 09:18,En desacuerdo,En desacuerdo,Totalmente de acuerdo,En desacuerdo,De acuerdo,Neutral,En desacuerdo,Neutral,De acuerdo,Totalmente de acuerdo,De acuerdo,En desacuerdo,Totalmente de acuerdo,
15/03/2025 07:12,De acuerdo,En desacuerdo,De acuerdo,Totalmente de acuerdo,En desacuerdo,En desacuerdo,De acuerdo,En desacuerdo,De acuerdo,Totalmente de acuerdo,De acuerdo,De acuerdo,Neutral,
13/04/2025 07:21,En desacuerdo,Neutral,Totalmente de acuerdo,En desacuerdo,De acuerdo,En desacuerdo,Neutral,Neutral,En desacuerdo,Totalmente de acuerdo,De acuerdo,En desacuerdo,Neutral,
15/03/2025 21:07,Neutral,En desacuerdo,En desacuerdo,De acuerdo,En desacuerdo,Neutral,Neutral,En desacuerdo,Totalmente de acuerdo,De acuerdo,Totalmente de acuerdo,En desacuerdo,Totalmente de acuerdo,
08/05/2025 08:54,En desacuerdo,En desacuerdo,Totalmente de acuerdo,Neutral,Totalmente de acuerdo,Neutral,En desacuerdo,Totalmente de acuerdo,De acuerdo,De acuerdo,Neutral,De acuerdo,Neutral,
07/03/2025 10:32,Neutral,Neutral,De acuerdo,Totalmente de acuerdo,Totalmente de acuerdo,En desacuerdo,Neutral,Neutral,De acuerdo,De acuerdo,De acuerdo,De acuerdo,Neutral,
10/03/2025 18:12,De acuerdo,Neutral,Totalmente de acuerdo,En desacuerdo,De acuerdo,En desacuerdo,Neutral,Totalmente de acuerdo,De acuerdo,Neutral,Neutral,Neutral,Neutral,
14/05/2025 19:07,Neutral,Neutral,Totalmente de acuerdo,En desacuerdo,De acuerdo,En desacuerdo,Neutral,En desacuerdo,De acuerdo,De acuerdo,Neutral,De acuerdo,De acuerdo,
01/03/2025 02:31,En desacuerdo,Totalmente de acuerdo,Neutral,En desacuerdo,Totalmente de acuerdo,En desacuerdo,Neutral,Neutral,De acuerdo,Neutral,Totalmente de acuerdo,De acuerdo,Neutral,
29/04/2025 13:41,Neutral,En desacuerdo,Totalmente de acuerdo,Neutral,Neutral,De acuerdo,Neutral,Neutral,De acuerdo,Neutral,Totalmente de acuerdo,De acuerdo,De acuerdo,
20/05/2025 03:33,En desacuerdo,En desacuerdo,Totalmente en desacuerdo,Totalmente de acuerdo,Neutral,En desacuerdo,Totalmente en desacuerdo,Neutral,De acuerdo,De acuerdo,De acuerdo,De acuerdo,Neutral,"He notado que la estrategia tiene sentido si no tienes urgencia, y por eso programo mis compras con antelación."
09/05/2025 04:13,Totalmente de acuerdo,En desacuerdo,Totalmente en desacuerdo,De acuerdo,De acuerdo,Neutral,Neutral,En desacuerdo,Totalmente de acuerdo,De acuerdo,Neutral,Totalmente de acuerdo,De acuerdo,
05/03/2025 21:45,De acuerdo,En desacuerdo,Totalmente en desacuerdo,Totalmente en desacuerdo,Totalmente de acuerdo,En desacuerdo,Totalmente en desacuerdo,Neutral,Neutral,De acuerdo,De acuerdo,En desacuerdo,Neutral,
18/05/2025 22:40,Neutral,En desacuerdo,De acuerdo,Totalmente de acuerdo,Totalmente en desacuerdo,Neutral,Neutral,En desacuerdo,De acuerdo,Neutral,De acuerdo,De acuerdo,En desacuerdo,
04/02/2025 02:49,De acuerdo,En desacuerdo,De acuerdo,Totalmente de acuerdo,Neutral,En desacuerdo,En desacuerdo,Neutral,De acuerdo,De acuerdo,De acuerdo,De acuerdo,Totalmente de acuerdo,
13/03/2025 13:59,De acuerdo,Totalmente de acuerdo,Totalmente de acuerdo,En desacuerdo,Neutral,En desacuerdo,Neutral,En desacuerdo,Totalmente en desacuerdo,Neutral,De acuerdo,De acuerdo,De acuerdo,
01/06/2025 13:05,Totalmente de acuerdo,De acuerdo,De acuerdo,En desacuerdo,De acuerdo,Neutral,En desacuerdo,Neutral,Totalmente en desacuerdo,De acuerdo,Totalmente de acuerdo,De acuerdo,En desacuerdo,
05/06/2025 00:31,Neutral,En desacuerdo,Totalmente de acuerdo,Totalmente de acuerdo,Totalmente de acuerdo,En desacuerdo,Totalmente en desacuerdo,Neutral,De acuerdo,Totalmente de acuerdo,En desacuerdo,De acuerdo,Totalmente de acuerdo,
04/04/2025 14:45,De acuerdo,Neutral,De acuerdo,Totalmente de acuerdo,De acuerdo,De acuerdo,Totalmente en desacuerdo,Totalmente de acuerdo,En desacuerdo,De acuerdo,De acuerdo,De acuerdo,Neutral,"Suben precios en temporada baja y los 'bajan' en fechas clave, pero al final pagas lo mismo que antes. Puro marketing."
03/06/2025 22:10,Totalmente de acuerdo,Totalmente de acuerdo,En desacuerdo,Neutral,Neutral,En desacuerdo,Neutral,En desacuerdo,De acuerdo,De acuerdo,En desacuerdo,Totalmente de acuerdo,Neutral,
26/05/2025 00:39,Totalmente de acuerdo,En desacuerdo,Totalmente de acuerdo,Totalmente en desacuerdo,Neutral,Neutral,Totalmente de acuerdo,Neutral,Totalmente de acuerdo,De acuerdo,De acuerdo,De acuerdo,De acuerdo,
15/03/2025 13:03,Totalmente de acuerdo,Totalmente de acuerdo,De acuerdo,Totalmente en desacuerdo,Neutral,En desacuerdo,Neutral,Neutral,De acuerdo,Totalmente de acuerdo,De acuerdo,En desacuerdo,Neutral,"Considero que los precios cambian demasiado seguido, y eso me obliga a estar pendiente del calendario."
12/06/2025 06:34,Totalmente de acuerdo,De acuerdo,De acuerdo,En desacuerdo,De acuerdo,Neutral,Neutral,En desacuerdo,De acuerdo,De acuerdo,De acuerdo,De acuerdo,De acuerdo,
19/06/2025 23:18,Neutral,En desacuerdo,Totalmente en desacuerdo,En desacuerdo,De acuerdo,En desacuerdo,Neutral,Neutral,Totalmente en desacuerdo,Neutral,Neutral,En desacuerdo,De acuerdo,"No tenía idea de eso de los 'precios dinámicos'. Yo solo entro a Mercado Libre, busco lo que necesito y le compro al vendedor que lo ofrezca más barato. ¿Eso no es simplemente competencia normal entre tiendas?"
04/04/2025 06:23,Neutral,En desacuerdo,De acuerdo,De acuerdo,Totalmente de acuerdo,En desacuerdo,Neutral,Neutral,Totalmente en desacuerdo,De acuerdo,Totalmente de acuerdo,De acuerdo,Neutral,
01/03/2025 05:27,Neutral,En desacuerdo,En desacuerdo,Totalmente de acuerdo,Neutral,En desacuerdo,En desacuerdo,De acuerdo,De acuerdo,De acuerdo,Neutral,De acuerdo,Totalmente de acuerdo,
06/05/2025 07:49,En desacuerdo,Neutral,Totalmente de acuerdo,Totalmente de acuerdo,Neutral,Neutral,Neutral,Totalmente de acuerdo,Totalmente de acuerdo,Neutral,De acuerdo,De acuerdo,De acuerdo,"Me incomoda que la empresa podría informar mejor sobre los cambios de precio, lo cual es útil para algunos compradores."
29/04/2025 06:25,En desacuerdo,Neutral,Totalmente de acuerdo,Neutral,De acuerdo,Neutral,Totalmente de acuerdo,Neutral,Totalmente de acuerdo,De acuerdo,De acuerdo,De acuerdo,Neutral,
20/04/2025 16:42,Totalmente de acuerdo,En desacuerdo,De acuerdo,Totalmente de acuerdo,Neutral,En desacuerdo,Neutral,Neutral,Totalmente en desacuerdo,De acuerdo,Totalmente de acuerdo,De acuerdo,Neutral,
08/05/2025 13:15,De acuerdo,En desacuerdo,De acuerdo,En desacuerdo,Neutral,Neutral,Neutral,Neutral,Totalmente de acuerdo,De acuerdo,De acuerdo,De acuerdo,Neutral,
12/03/2025 02:19,Neutral,Neutral,De acuerdo,Neutral,De acuerdo,Neutral,Neutral,Totalmente de acuerdo,Totalmente de acuerdo,Neutral,Totalmente de acuerdo,De acuerdo,De acuerdo,
02/04/2025 22:39,De acuerdo,Totalmente de acuerdo,Totalmente de acuerdo,Neutral,Totalmente en desacuerdo,En desacuerdo,Neutral,Totalmente de acuerdo,De acuerdo,De acuerdo,En desacuerdo,Neutral,Neutral,
25/02/2025 15:16,Totalmente de acuerdo,De acuerdo,De acuerdo,Totalmente de acuerdo,De acuerdo,Neutral,Totalmente de acuerdo,Neutral,De acuerdo,De acuerdo,Neutral,De acuerdo,Neutral,
31/05/2025 07:43,De acuerdo,De acuerdo,Totalmente de acuerdo,En desacuerdo,De acuerdo,En desacuerdo,Neutral,De acuerdo,De acuerdo,Neutral,Totalmente de acuerdo,De acuerdo,Neutral,
20/01/2025 05:55,Neutral,En desacuerdo,Totalmente de acuerdo,En desacuerdo,En desacuerdo,Neutral,Neutral,Neutral,De acuerdo,En desacuerdo,Totalmente de acuerdo,De acuerdo,Neutral,
23/04/2025 06:31,Totalmente de acuerdo,De acuerdo,Totalmente de acuerdo,Totalmente de acuerdo,De acuerdo,Neutral,Neutral,Neutral,En desacuerdo,Totalmente de acuerdo,Neutral,Neutral,Totalmente de acuerdo,
05/01/2025 07:02,Neutral,En desacuerdo,De acuerdo,Neutral,De acuerdo,Neutral,Neutral,Neutral,Totalmente de acuerdo,En desacuerdo,Neutral,Neutral,De acuerdo,"Descubrí que cuando un vendedor tiene pocas unidades, a veces bajan el precio pra vender rápido. Por eso ahora, si algo me interesa, estoy pendiente. Así me ahorré $80 mil en un reloj que solo tenía 2 disponibles."
07/06/2025 12:02,En desacuerdo,En desacuerdo,Totalmente de acuerdo,En desacuerdo,Totalmente en desacuerdo,Neutral,Neutral,Neutral,De acuerdo,De acuerdo,De acuerdo,De acuerdo,En desacuerdo,
21/02/2025 06:39,De acuerdo,En desacuerdo,Neutral,De acuerdo,De acuerdo,En desacuerdo,Totalmente de acuerdo,Neutral,De acuerdo,De acuerdo,De acuerdo,Neutral,Neutral,
30/04/2025 09:28,Neutral,En desacuerdo,En desacuerdo,En desacuerdo,Neutral,Neutral,En desacuerdo,Neutral,De acuerdo,En desacuerdo,Totalmente de acuerdo,De acuerdo,De acuerdo,
09/02/2025 20:43,Neutral,De acuerdo,Totalmente en desacuerdo,Neutral,De acuerdo,En desacuerdo,Neutral,En desacuerdo,De acuerdo,De acuerdo,Neutral,De acuerdo,De acuerdo,
30/01/2025 13:53,Neutral,Neutral,Totalmente de acuerdo,En desacuerdo,Neutral,Neutral,Totalmente en desacuerdo,Neutral,De acuerdo,Totalmente de acuerdo,De acuerdo,De acuerdo,Neutral,
22/03/2025 12:39,En desacuerdo,En desacuerdo,Totalmente de acuerdo,Neutral,Totalmente de acuerdo,Neutral,Totalmente de acuerdo,Neutral,De acuerdo,De acuerdo,De acuerdo,En desacuerdo,Neutral,"Opino que cuando bajan los precios, el stock se agota rápidamente, lo que beneficia a los compradores que están atentos y deciden rápido, pero no a mi ya que no puedo estar pendiente de los precios."
25/03/2025 11:49,De acuerdo,Neutral,De acuerdo,Totalmente de acuerdo,Neutral,Neutral,De acuerdo,En desacuerdo,Totalmente de acuerdo,Neutral,De acuerdo,En desacuerdo,Totalmente de acuerdo,"Es evidente que las ofertas de temporada baja son buenas, lo cual es útil para algunos compradores."
09/06/2025 09:20,De acuerdo,En desacuerdo,Totalmente de acuerdo,En desacuerdo,De acuerdo,Neutral,Neutral,En desacuerdo,Neutral,Totalmente de acuerdo,De acuerdo,De acuerdo,De acuerdo,
17/05/2025 08:48,Neutral,De acuerdo,De acuerdo,Neutral,De acuerdo,Neutral,Totalmente de acuerdo,Neutral,De acuerdo,En desacuerdo,Totalmente de acuerdo,De acuerdo,Neutral,
14/04/2025 04:01,En desacuerdo,En desacuerdo,Totalmente de acuerdo,En desacuerdo,De acuerdo,De acuerdo,En desacuerdo,Neutral,En desacuerdo,De acuerdo,De acuerdo,De acuerdo,Neutral,
30/05/2025 17:11,De acuerdo,En desacuerdo,De acuerdo,En desacuerdo,Neutral,Neutral,En desacuerdo,En desacuerdo,De acuerdo,De acuerdo,De acuerdo,De acuerdo,Totalmente de acuerdo,
21/02/2025 23:46,Neutral,De acuerdo,De acuerdo,En desacuerdo,Totalmente en desacuerdo,En desacuerdo,De acuerdo,En desacuerdo,De acuerdo,De acuerdo,Totalmente de acuerdo,En desacuerdo,De acuerdo,
16/06/2025 01:10,Totalmente de acuerdo,Neutral,Totalmente de acuerdo,Totalmente en desacuerdo,Totalmente en desacuerdo,En desacuerdo,De acuerdo,En desacuerdo,De acuerdo,Neutral,De acuerdo,De acuerdo,De acuerdo,
25/05/2025 04:34,Totalmente de acuerdo,Neutral,Totalmente de acuerdo,Totalmente de acuerdo,Neutral,Neutral,De acuerdo,En desacuerdo,De acuerdo,Neutral,De acuerdo,De acuerdo,Totalmente de acuerdo,
31/05/2025 10:49,Totalmente de acuerdo,En desacuerdo,Totalmente en desacuerdo,De acuerdo,De acuerdo,En desacuerdo,Neutral,Neutral,Totalmente en desacuerdo,De acuerdo,De acuerdo,Neutral,Neutral,
27/05/2025 14:14,De acuerdo,Neutral,Totalmente en desacuerdo,Neutral,De acuerdo,Neutral,Neutral,Neutral,Totalmente en desacuerdo,De acuerdo,De acuerdo,De acuerdo,Neutral,
03/01/2025 02:07,Neutral,En desacuerdo,Neutral,Totalmente de acuerdo,De acuerdo,Neutral,Neutral,De acuerdo,De acuerdo,De acuerdo,Neutral,Neutral,De acuerdo,"Desde mi experiencia, la estrategia tiene sentido si no tienes urgencia, lo cual es útil para algunos compradores."
01/04/2025 17:07,De acuerdo,En desacuerdo,Totalmente en desacuerdo,Totalmente de acuerdo,Totalmente en desacuerdo,En desacuerdo,En desacuerdo,Neutral,Totalmente de acuerdo,De acuerdo,De acuerdo,De acuerdo,Totalmente de acuerdo,
07/04/2025 15:49,Totalmente de acuerdo,En desacuerdo,Totalmente de acuerdo,Neutral,De acuerdo,Neutral,Neutral,En desacuerdo,Totalmente en desacuerdo,Totalmente de acuerdo,De acuerdo,De acuerdo,Totalmente de acuerdo,
26/03/2025 18:10,De acuerdo,En desacuerdo,Totalmente de acuerdo,Totalmente de acuerdo,Neutral,En desacuerdo,Neutral,De acuerdo,Totalmente en desacuerdo,En desacuerdo,De acuerdo,De acuerdo,En desacuerdo,
26/01/2025 19:29,Neutral,Neutral,Totalmente en desacuerdo,Totalmente de acuerdo,Totalmente en desacuerdo,Neutral,Neutral,Neutral,Totalmente en desacuerdo,De acuerdo,Neutral,De acuerdo,Neutral,"He notado que la empresa podría informar mejor sobre los cambios de precio, aunque me parece injusto cuando suben demasiado."
12/06/2025 08:32,Totalmente de acuerdo,Totalmente de acuerdo,En desacuerdo,Totalmente de acuerdo,Totalmente de acuerdo,En desacuerdo,En desacuerdo,Neutral,Neutral,Totalmente de acuerdo,De acuerdo,En desacuerdo,Neutral,
15/01/2025 05:14,De acuerdo,Totalmente de acuerdo,De acuerdo,En desacuerdo,Totalmente de acuerdo,En desacuerdo,En desacuerdo,En desacuerdo,Totalmente de acuerdo,Totalmente de acuerdo,De acuerdo,De acuerdo,Neutral,
26/01/2025 11:00,En desacuerdo,En desacuerdo,Totalmente de acuerdo,De acuerdo,De acuerdo,En desacuerdo,En desacuerdo,Neutral,Totalmente de acuerdo,Neutral,Totalmente de acuerdo,De acuerdo,Totalmente de acuerdo,
14/01/2025 22:41,Neutral,En desacuerdo,Totalmente de acuerdo,Totalmente de acuerdo,De acuerdo,En desacuerdo,Neutral,De acuerdo,De acuerdo,Neutral,Totalmente de acuerdo,De acuerdo,Neutral,
11/04/2025 01:42,De acuerdo,En desacuerdo,De acuerdo,Totalmente de acuerdo,De acuerdo,Neutral,En desacuerdo,Totalmente de acuerdo,De acuerdo,De acuerdo,De acuerdo,Neutral,Neutral,
22/01/2025 12:16,De acuerdo,Neutral,De acuerdo,Neutral,Neutral,De acuerdo,En desacuerdo,En desacuerdo,Totalmente en desacuerdo,Totalmente de acuerdo,De acuerdo,De acuerdo,En desacuerdo,
23/05/2025 05:29,En desacuerdo,Totalmente de acuerdo,De acuerdo,En desacuerdo,Totalmente en desacuerdo,En desacuerdo,En desacuerdo,Totalmente de acuerdo,De acuerdo,Neutral,De acuerdo,Totalmente de acuerdo,Totalmente de acuerdo,
05/05/2025 09:45,En desacuerdo,Neutral,Totalmente de acuerdo,En desacuerdo,Neutral,Neutral,Totalmente en desacuerdo,Totalmente de acuerdo,De acuerdo,De acuerdo,De acuerdo,De acuerdo,Neutral,
18/06/2025 20:28,Totalmente de acuerdo,En desacuerdo,De acuerdo,En desacuerdo,Totalmente de acuerdo,En desacuerdo,Neutral,En desacuerdo,De acuerdo,En desacuerdo,De acuerdo,De acuerdo,Neutral,Los precios dinámicos me han permitido ahorrar dinero cuando no tengo prisa en conseguir un producto.
12/02/2025 07:10,En desacuerdo,Totalmente de acuerdo,De acuerdo,Totalmente en desacuerdo,Neutral,De acuerdo,En desacuerdo,En desacuerdo,De acuerdo,De acuerdo,De acuerdo,De acuerdo,Neutral,
22/01/2025 21:05,De acuerdo,Totalmente de acuerdo,De acuerdo,Totalmente en desacuerdo,Neutral,En desacuerdo,Neutral,Neutral,Neutral,De acuerdo,En desacuerdo,De acuerdo,Neutral,
22/05/2025 00:07,Totalmente de acuerdo,Neutral,Totalmente en desacuerdo,Totalmente de acuerdo,Neutral,Neutral,Neutral,En desacuerdo,De acuerdo,Neutral,De acuerdo,En desacuerdo,En desacuerdo,"Desde mi experiencia, los descuentos no siempre coinciden con mi momento de compra, y eso me obliga a estar pendiente del calendario."
17/02/2025 12:23,Totalmente de acuerdo,En desacuerdo,De acuerdo,De acuerdo,Neutral,Neutral,De acuerdo,Totalmente de acuerdo,De acuerdo,De acuerdo,De acuerdo,Neutral,De acuerdo,
11/01/2025 01:14,Neutral,En desacuerdo,Neutral,Neutral,De acuerdo,De acuerdo,Neutral,De acuerdo,De acuerdo,Totalmente de acuerdo,Neutral,De acuerdo,De acuerdo,"Es evidente que los precios cambian demasiado seguido, aunque a veces molesta."
24/03/2025 07:18,Totalmente de acuerdo,En desacuerdo,Totalmente en desacuerdo,Totalmente de acuerdo,De acuerdo,En desacuerdo,En desacuerdo,En desacuerdo,De acuerdo,De acuerdo,De acuerdo,De acuerdo,En desacuerdo,Mejorar la comunicación con el cliente.
01/04/2025 08:41,En desacuerdo,Neutral,Totalmente de acuerdo,Neutral,De acuerdo,En desacuerdo,Neutral,Neutral,De acuerdo,Neutral,Neutral,De acuerdo,De acuerdo,
01/04/2025 22:47,En desacuerdo,En desacuerdo,De acuerdo,Totalmente de acuerdo,En desacuerdo,En desacuerdo,En desacuerdo,En desacuerdo,De acuerdo,En desacuerdo,De acuerdo,En desacuerdo,De acuerdo,
26/04/2025 09:55,En desacuerdo,Neutral,Totalmente de acuerdo,De acuerdo,En desacuerdo,En desacuerdo,Totalmente de acuerdo,En desacuerdo,Neutral,De acuerdo,De acuerdo,De acuerdo,Totalmente de acuerdo,"Mientras te muestran un producto 'en oferta', el sistema te sugiere otros con precios inflados. Así convencen de que al comprarlo se está ahorrando."
14/04/2025 03:57,De acuerdo,En desacuerdo,Totalmente de acuerdo,En desacuerdo,Totalmente de acuerdo,En desacuerdo,Neutral,Neutral,Totalmente en desacuerdo,Neutral,De acuerdo,Totalmente de acuerdo,En desacuerdo,"Parecen ventajosos, pero en realidad son una excusa para ajustar tarifas según cuán desesperado esté el comprador. Si buscas mucho un producto, sube de precio."
10/04/2025 05:41,En desacuerdo,En desacuerdo,De acuerdo,Neutral,De acuerdo,En desacuerdo,Neutral,Neutral,Neutral,Neutral,En desacuerdo,Totalmente de acuerdo,Neutral,"Eso de los precios dinámicos suena complicado. Yo solo veo que a veces el mismo producto tiene diferentes precios según el vendedor, pero asumí que era porque cada uno pone lo que quiere cobrar. No sabía que era algo planeado por la plataforma."
17/03/2025 10:57,Neutral,Neutral,Totalmente de acuerdo,Neutral,De acuerdo,En desacuerdo,De acuerdo,En desacuerdo,De acuerdo,De acuerdo,De acuerdo,De acuerdo,De acuerdo,No me gusta que el precio suba en diciembre justo cuando todos necesitamos comprar.
17/04/2025 08:40,Neutral,Neutral,De acuerdo,De acuerdo,Totalmente de acuerdo,En desacuerdo,Neutral,De acuerdo,Totalmente de acuerdo,Neutral,Neutral,De acuerdo,De acuerdo,
06/03/2025 11:13,Neutral,Neutral,Neutral,Totalmente en desacuerdo,Neutral,Neutral,En desacuerdo,Neutral,Totalmente de acuerdo,De acuerdo,De acuerdo,De acuerdo,De acuerdo,
10/04/2025 04:56,Neutral,Neutral,De acuerdo,En desacuerdo,De acuerdo,Neutral,Neutral,Neutral,De acuerdo,De acuerdo,Neutral,En desacuerdo,De acuerdo,
12/01/2025 05:07,Totalmente de acuerdo,En desacuerdo,De acuerdo,En desacuerdo,Neutral,Neutral,Neutral,Neutral,De acuerdo,Neutral,Totalmente de acuerdo,De acuerdo,Neutral,
04/01/2025 18:53,En desacuerdo,En desacuerdo,Totalmente de acuerdo,Totalmente de acuerdo,Neutral,En desacuerdo,Neutral,Neutral,Totalmente de acuerdo,De acuerdo,Neutral,De acuerdo,En desacuerdo,"Muchas tiendas bajan precios a media noche, cuando nadie compra, y luego los suben al amanecer. Así el sistema registra un 'precio más bajo' que casi nadie ve."
17/05/2025 06:23,Totalmente de acuerdo,De acuerdo,Totalmente de acuerdo,En desacuerdo,De acuerdo,En desacuerdo,De acuerdo,En desacuerdo,Totalmente de acuerdo,De acuerdo,Neutral,En desacuerdo,De acuerdo,"He notado que los precios suben justo cuando llega la prima, y eso me incomoda."
24/05/2025 03:21,De acuerdo,Neutral,Totalmente en desacuerdo,Totalmente de acuerdo,De acuerdo,En desacuerdo,Neutral,De acuerdo,Totalmente de acuerdo,Neutral,Totalmente de acuerdo,En desacuerdo,Neutral,
06/04/2025 14:45,Totalmente de acuerdo,En desacuerdo,Totalmente de acuerdo,En desacuerdo,De acuerdo,Neutral,En desacuerdo,De acuerdo,De acuerdo,Neutral,Neutral,De acuerdo,De acuerdo,
01/06/2025 18:50,Neutral,Neutral,Totalmente de acuerdo,Totalmente de acuerdo,De acuerdo,En desacuerdo,Totalmente en desacuerdo,En desacuerdo,Totalmente de acuerdo,En desacuerdo,De acuerdo,De acuerdo,Neutral,"Desde mi experiencia, la empresa podría informar mejor sobre los cambios de precio, aunque me parece injusto cuando suben demasiado."
02/03/2025 23:14,Totalmente de acuerdo,De acuerdo,De acuerdo,Neutral,Totalmente en desacuerdo,En desacuerdo,Neutral,Neutral,Totalmente de acuerdo,Totalmente de acuerdo,De acuerdo,Neutral,De acuerdo,
03/05/2025 10:36,Neutral,Neutral,De acuerdo,De acuerdo,Totalmente de acuerdo,En desacuerdo,Neutral,En desacuerdo,De acuerdo,De acuerdo,Neutral,De acuerdo,Neutral,
24/02/2025 07:37,Neutral,Totalmente de acuerdo,Totalmente en desacuerdo,Neutral,Neutral,En desacuerdo,De acuerdo,Neutral,Totalmente en desacuerdo,De acuerdo,Totalmente de acuerdo,De acuerdo,Totalmente de acuerdo,
30/01/2025 20:40,De acuerdo,De acuerdo,Totalmente en desacuerdo,En desacuerdo,Totalmente en desacuerdo,Neutral,Totalmente de acuerdo,Neutral,De acuerdo,De acuerdo,De acuerdo,En desacuerdo,Totalmente de acuerdo,"Me parece que puedo ahorrar si espero el mes adecuado, y eso me ha ayudado a ahorrar en varias ocasiones."
25/04/2025 21:48,De acuerdo,Totalmente de acuerdo,De acuerdo,Neutral,Totalmente de acuerdo,De acuerdo,Totalmente en desacuerdo,En desacuerdo,De acuerdo,En desacuerdo,Neutral,De acuerdo,Neutral,
16/01/2025 18:08,Neutral,Neutral,Neutral,Neutral,Neutral,En desacuerdo,Neutral,En desacuerdo,Totalmente de acuerdo,En desacuerdo,De acuerdo,De acuerdo,De acuerdo,
06/03/2025 01:45,En desacuerdo,En desacuerdo,Totalmente de acuerdo,Totalmente en desacuerdo,Neutral,En desacuerdo,Neutral,En desacuerdo,De acuerdo,De acuerdo,Neutral,Neutral,Neutral,"Mejora la competitividad, las empresas pueden responder rápidamente a cambios en el mercado y ajustar sus precios."
22/01/2025 23:33,Totalmente de acuerdo,Neutral,Totalmente de acuerdo,En desacuerdo,En desacuerdo,En desacuerdo,En desacuerdo,Totalmente de acuerdo,De acuerdo,De acuerdo,De acuerdo,Totalmente de acuerdo,Neutral,
12/04/2025 10:50,En desacuerdo,Neutral,De acuerdo,En desacuerdo,De acuerdo,Neutral,Neutral,Totalmente de acuerdo,En desacuerdo,De acuerdo,En desacuerdo,Totalmente de acuerdo,Neutral,
20/01/2025 04:15,Totalmente de acuerdo,Neutral,De acuerdo,En desacuerdo,Totalmente en desacuerdo,Neutral,En desacuerdo,Neutral,De acuerdo,Neutral,Totalmente de acuerdo,En desacuerdo,Totalmente de acuerdo,
14/04/2025 20:05,De acuerdo,De acuerdo,Totalmente de acuerdo,Neutral,Neutral,Neutral,Neutral,En desacuerdo,De acuerdo,Totalmente de acuerdo,De acuerdo,De acuerdo,De acuerdo,
21/06/2025 14:38,En desacuerdo,Totalmente de acuerdo,Totalmente de acuerdo,De acuerdo,Totalmente en desacuerdo,En desacuerdo,Totalmente en desacuerdo,En desacuerdo,De acuerdo,De acuerdo,De acuerdo,De acuerdo,De acuerdo,
22/02/2025 14:21,En desacuerdo,De acuerdo,De acuerdo,Totalmente en desacuerdo,De acuerdo,En desacuerdo,Neutral,De acuerdo,Totalmente de acuerdo,De acuerdo,Neutral,Totalmente de acuerdo,Neutral,
14/06/2025 12:03,Neutral,En desacuerdo,En desacuerdo,En desacuerdo,En desacuerdo,En desacuerdo,Neutral,Neutral,De acuerdo,Totalmente de acuerdo,De acuerdo,En desacuerdo,Neutral,"Cuando no tengo priza por comprar un producto, lo busco varias veces en la semana hasta ver una oferta por escases de invetario."
27/05/2025 23:45,Totalmente de acuerdo,Totalmente de acuerdo,De acuerdo,En desacuerdo,Totalmente de acuerdo,En desacuerdo,Neutral,Neutral,De acuerdo,De acuerdo,Totalmente de acuerdo,Totalmente de acuerdo,Neutral,
07/02/2025 15:44,Neutral,En desacuerdo,Totalmente de acuerdo,Totalmente en desacuerdo,De acuerdo,En desacuerdo,De acuerdo,Neutral,De acuerdo,Totalmente de acuerdo,En desacuerdo,De acuerdo,De acuerdo,"Me he vuelto más estratégico al comprar, reviso los precios todos los meses."
23/03/2025 23:28,Totalmente de acuerdo,Neutral,De acuerdo,En desacuerdo,Totalmente de acuerdo,Neutral,De acuerdo,Neutral,De acuerdo,De acuerdo,De acuerdo,De acuerdo,Neutral,"Te venden la escasez, ejemplo solo 2 disponibles, pero al día siguiente hay 10 más al mismo precio, nos manipulan."
09/05/2025 03:40,Totalmente de acuerdo,En desacuerdo,Totalmente de acuerdo,En desacuerdo,De acuerdo,Neutral,Totalmente de acuerdo,Neutral,De acuerdo,Totalmente de acuerdo,De acuerdo,En desacuerdo,De acuerdo,
11/02/2025 11:24,En desacuerdo,Neutral,Totalmente en desacuerdo,Totalmente en desacuerdo,De acuerdo,Neutral,En desacuerdo,En desacuerdo,De acuerdo,De acuerdo,De acuerdo,De acuerdo,Neutral,"Me parece que el stock se agota rápido cuando bajan los precios, lo cual me parece razonable dadas las condiciones del mercado."
26/02/2025 16:10,En desacuerdo,De acuerdo,Totalmente de acuerdo,Neutral,Totalmente de acuerdo,Neutral,De acuerdo,De acuerdo,De acuerdo,De acuerdo,De acuerdo,Totalmente de acuerdo,Neutral,
16/02/2025 22:35,De acuerdo,En desacuerdo,De acuerdo,En desacuerdo,Neutral,En desacuerdo,Neutral,Neutral,De acuerdo,De acuerdo,En desacuerdo,En desacuerdo,Neutral,
11/05/2025 14:12,Neutral,En desacuerdo,De acuerdo,En desacuerdo,Totalmente de acuerdo,En desacuerdo,Neutral,En desacuerdo,Totalmente en desacuerdo,Totalmente de acuerdo,De acuerdo,De acuerdo,De acuerdo,
20/01/2025 04:02,En desacuerdo,En desacuerdo,Neutral,Totalmente de acuerdo,Totalmente en desacuerdo,Neutral,Neutral,En desacuerdo,De acuerdo,Totalmente de acuerdo,De acuerdo,De acuerdo,Neutral,
26/02/2025 21:05,Totalmente de acuerdo,En desacuerdo,De acuerdo,Neutral,De acuerdo,Neutral,Neutral,Neutral,Totalmente de acuerdo,Totalmente de acuerdo,De acuerdo,Neutral,De acuerdo,
27/03/2025 12:56,Totalmente de acuerdo,En desacuerdo,Totalmente de acuerdo,De acuerdo,De acuerdo,En desacuerdo,Totalmente de acuerdo,En desacuerdo,De acuerdo,En desacuerdo,Neutral,De acuerdo,Neutral,"Me parece bien que los precios bajen en meses tranquilos, así uno puede planear mejor la compra."
15/04/2025 03:34,De acuerdo,En desacuerdo,De acuerdo,En desacuerdo,De acuerdo,En desacuerdo,Neutral,En desacuerdo,De acuerdo,Totalmente de acuerdo,De acuerdo,De acuerdo,Neutral,La verdad nunca me he fijado si los precios cambian solos. Siempre pensé que eran los vendedores ajustando sus precios manualmente para competir entre ellos.
04/05/2025 15:53,Neutral,En desacuerdo,Totalmente de acuerdo,Totalmente de acuerdo,De acuerdo,En desacuerdo,Neutral,Totalmente de acuerdo,De acuerdo,Neutral,De acuerdo,Totalmente de acuerdo,De acuerdo,
04/03/2025 16:40,De acuerdo,Neutral,Totalmente en desacuerdo,Neutral,De acuerdo,Neutral,En desacuerdo,En desacuerdo,De acuerdo,Totalmente de acuerdo,De acuerdo,De acuerdo,Neutral,
08/03/2025 23:37,En desacuerdo,De acuerdo,En desacuerdo,En desacuerdo,En desacuerdo,En desacuerdo,De acuerdo,Neutral,Neutral,Totalmente de acuerdo,Neutral,De acuerdo,Neutral,
17/02/2025 02:16,Totalmente de acuerdo,De acuerdo,Totalmente de acuerdo,Totalmente de acuerdo,Totalmente de acuerdo,Neutral,Totalmente en desacuerdo,Neutral,De acuerdo,De acuerdo,Totalmente de acuerdo,De acuerdo,Totalmente de acuerdo,
17/01/2025 18:53,De acuerdo,Neutral,De acuerdo,Totalmente de acuerdo,De acuerdo,Neutral,Neutral,Neutral,Totalmente de acuerdo,De acuerdo,Neutral,De acuerdo,Neutral,
15/03/2025 17:54,En desacuerdo,Neutral,De acuerdo,Totalmente de acuerdo,De acuerdo,De acuerdo,En desacuerdo,Neutral,Totalmente de acuerdo,Neutral,Totalmente de acuerdo,De acuerdo,De acuerdo,
05/03/2025 07:21,Neutral,En desacuerdo,Totalmente de acuerdo,Neutral,Neutral,En desacuerdo,En desacuerdo,De acuerdo,Totalmente de acuerdo,Neutral,Neutral,De acuerdo,De acuerdo,
16/03/2025 02:07,Totalmente de acuerdo,En desacuerdo,Totalmente de acuerdo,En desacuerdo,Neutral,Neutral,En desacuerdo,En desacuerdo,De acuerdo,De acuerdo,En desacuerdo,De acuerdo,De acuerdo,"Es evidente que los descuentos no siempre coinciden con mi momento de compra, aunque a veces genera frustración."
23/06/2025 07:53,En desacuerdo,En desacuerdo,Totalmente de acuerdo,De acuerdo,Neutral,En desacuerdo,Totalmente en desacuerdo,Neutral,De acuerdo,De acuerdo,Neutral,De acuerdo,Neutral,
20/06/2025 00:05,Totalmente de acuerdo,En desacuerdo,Totalmente en desacuerdo,Neutral,Totalmente de acuerdo,En desacuerdo,De acuerdo,Neutral,De acuerdo,Neutral,Totalmente de acuerdo,De acuerdo,Totalmente de acuerdo,
20/01/2025 05:30,Neutral,Neutral,Totalmente en desacuerdo,En desacuerdo,De acuerdo,En desacuerdo,En desacuerdo,En desacuerdo,De acuerdo,De acuerdo,De acuerdo,De acuerdo,De acuerdo,
07/05/2025 05:47,De acuerdo,De acuerdo,De acuerdo,En desacuerdo,Neutral,En desacuerdo,Neutral,Neutral,Totalmente de acuerdo,De acuerdo,De acuerdo,Neutral,De acuerdo,
10/03/2025 08:13,De acuerdo,En desacuerdo,Neutral,Neutral,De acuerdo,En desacuerdo,Neutral,En desacuerdo,Totalmente en desacuerdo,De acuerdo,Neutral,En desacuerdo,De acuerdo,
19/06/2025 04:43,De acuerdo,En desacuerdo,De acuerdo,En desacuerdo,Neutral,En desacuerdo,De acuerdo,Neutral,De acuerdo,De acuerdo,De acuerdo,De acuerdo,De acuerdo,
01/05/2025 00:20,Neutral,Neutral,Totalmente de acuerdo,Neutral,De acuerdo,En desacuerdo,Neutral,Neutral,Neutral,Neutral,Totalmente de acuerdo,De acuerdo,Neutral,
05/01/2025 15:05,En desacuerdo,En desacuerdo,De acuerdo,En desacuerdo,Neutral,En desacuerdo,Neutral,Neutral,De acuerdo,De acuerdo,De acuerdo,En desacuerdo,Totalmente de acuerdo,
22/05/2025 14:32,Totalmente de acuerdo,En desacuerdo,Totalmente en desacuerdo,De acuerdo,De acuerdo,En desacuerdo,De acuerdo,Neutral,En desacuerdo,En desacuerdo,Neutral,De acuerdo,De acuerdo,
24/01/2025 00:45,Neutral,En desacuerdo,De acuerdo,Totalmente de acuerdo,Totalmente de acuerdo,En desacuerdo,En desacuerdo,Neutral,De acuerdo,Neutral,Neutral,De acuerdo,Totalmente de acuerdo,
31/03/2025 03:45,Neutral,En desacuerdo,Totalmente de acuerdo,En desacuerdo,Totalmente de acuerdo,Neutral,En desacuerdo,Neutral,De acuerdo,Totalmente de acuerdo,Totalmente de acuerdo,De acuerdo,Totalmente de acuerdo,
07/06/2025 20:02,De acuerdo,Neutral,De acuerdo,Totalmente de acuerdo,Neutral,Neutral,Neutral,En desacuerdo,Totalmente en desacuerdo,De acuerdo,Totalmente de acuerdo,Neutral,Totalmente de acuerdo,
25/05/2025 09:43,En desacuerdo,Neutral,Totalmente de acuerdo,Totalmente de acuerdo,De acuerdo,Neutral,De acuerdo,Neutral,Neutral,De acuerdo,Neutral,En desacuerdo,Neutral,
19/01/2025 02:48,De acuerdo,Totalmente de acuerdo,Totalmente de acuerdo,Totalmente de acuerdo,De acuerdo,En desacuerdo,En desacuerdo,Neutral,Totalmente de acuerdo,De acuerdo,Neutral,En desacuerdo,Totalmente de acuerdo,
23/04/2025 20:09,Totalmente de acuerdo,En desacuerdo,Totalmente de acuerdo,De acuerdo,De acuerdo,Neutral,Neutral,En desacuerdo,De acuerdo,Neutral,Totalmente de acuerdo,Neutral,De acuerdo,
23/05/2025 18:58,Totalmente de acuerdo,En desacuerdo,Neutral,Neutral,En desacuerdo,En desacuerdo,Neutral,Totalmente de acuerdo,Neutral,Neutral,Neutral,Totalmente de acuerdo,Neutral,
23/01/2025 00:00,De acuerdo,En desacuerdo,Totalmente en desacuerdo,Totalmente de acuerdo,De acuerdo,En desacuerdo,En desacuerdo,En desacuerdo,De acuerdo,De acuerdo,De acuerdo,De acuerdo,Totalmente de acuerdo,
22/06/2025 15:22,Neutral,En desacuerdo,Totalmente de acuerdo,En desacuerdo,En desacuerdo,En desacuerdo,Neutral,Neutral,De acuerdo,De acuerdo,De acuerdo,En desacuerdo,Neutral,
07/01/2025 11:41,De acuerdo,Neutral,Totalmente de acuerdo,De acuerdo,Neutral,Neutral,En desacuerdo,Totalmente de acuerdo,De acuerdo,De acuerdo,Totalmente de acuerdo,De acuerdo,Neutral,
01/01/2025 16:32,En desacuerdo,Neutral,De acuerdo,Totalmente de acuerdo,De acuerdo,Neutral,Neutral,Neutral,De acuerdo,En desacuerdo,Neutral,En desacuerdo,De acuerdo,
20/01/2025 12:06,De acuerdo,Neutral,Totalmente de acuerdo,De acuerdo,Totalmente de acuerdo,En desacuerdo,Neutral,Neutral,Totalmente de acuerdo,De acuerdo,De acuerdo,Totalmente de acuerdo,Totalmente de acuerdo,
27/02/2025 17:15,De acuerdo,Neutral,De acuerdo,Neutral,Neutral,En desacuerdo,En desacuerdo,En desacuerdo,Totalmente de acuerdo,De acuerdo,En desacuerdo,De acuerdo,De acuerdo,
22/01/2025 11:31,Neutral,De acuerdo,Totalmente de acuerdo,En desacuerdo,En desacuerdo,Neutral,Neutral,Neutral,En desacuerdo,De acuerdo,Totalmente de acuerdo,De acuerdo,Neutral,
22/05/2025 19:42,Neutral,En desacuerdo,En desacuerdo,Totalmente de acuerdo,De acuerdo,Neutral,De acuerdo,Neutral,Totalmente de acuerdo,Totalmente de acuerdo,De acuerdo,De acuerdo,Totalmente de acuerdo,
29/01/2025 21:09,Neutral,Totalmente de acuerdo,Totalmente de acuerdo,Totalmente en desacuerdo,Neutral,De acuerdo,En desacuerdo,Totalmente de acuerdo,Totalmente de acuerdo,Totalmente de acuerdo,Totalmente de acuerdo,De acuerdo,De acuerdo,
02/01/2025 07:40,De acuerdo,De acuerdo,De acuerdo,En desacuerdo,Totalmente de acuerdo,De acuerdo,En desacuerdo,Neutral,Totalmente en desacuerdo,Totalmente de acuerdo,De acuerdo,De acuerdo,Neutral,
06/01/2025 05:49,Totalmente de acuerdo,Neutral,Totalmente de acuerdo,Totalmente en desacuerdo,Totalmente de acuerdo,En desacuerdo,Neutral,En desacuerdo,De acuerdo,De acuerdo,Neutral,Neutral,De acuerdo,
01/03/2025 06:02,En desacuerdo,De acuerdo,Totalmente de acuerdo,En desacuerdo,Totalmente de acuerdo,Neutral,En desacuerdo,Neutral,De acuerdo,De acuerdo,De acuerdo,De acuerdo,Neutral,
27/02/2025 21:21,Neutral,Neutral,De acuerdo,Totalmente de acuerdo,Neutral,En desacuerdo,Neutral,Neutral,De acuerdo,De acuerdo,Neutral,De acuerdo,De acuerdo,
11/04/2025 02:03,Neutral,Neutral,De acuerdo,En desacuerdo,De acuerdo,Neutral,Totalmente de acuerdo,En desacuerdo,De acuerdo,De acuerdo,Neutral,En desacuerdo,De acuerdo,
22/05/2025 04:09,Totalmente de acuerdo,En desacuerdo,Totalmente de acuerdo,En desacuerdo,Neutral,Neutral,Totalmente de acuerdo,En desacuerdo,Totalmente en desacuerdo,Totalmente de acuerdo,De acuerdo,Totalmente de acuerdo,En desacuerdo,
31/01/2025 16:03,En desacuerdo,Totalmente de acuerdo,De acuerdo,Neutral,De acuerdo,Neutral,Totalmente en desacuerdo,Neutral,De acuerdo,De acuerdo,Totalmente de acuerdo,De acuerdo,Neutral,
16/02/2025 07:52,Totalmente de acuerdo,Neutral,Totalmente de acuerdo,Neutral,En desacuerdo,Neutral,Neutral,Neutral,Totalmente de acuerdo,De acuerdo,De acuerdo,En desacuerdo,Totalmente de acuerdo,
01/03/2025 06:56,Neutral,Neutral,En desacuerdo,Totalmente de acuerdo,De acuerdo,Neutral,Neutral,En desacuerdo,De acuerdo,De acuerdo,De acuerdo,De acuerdo,De acuerdo,"No sabía que en Mercado Libre los precios cambiaban así! Hace dos semanas vi un reloj en $450 mil, lo dejé en favoritos y al día siguiente estaba en $380 mil. Ahora entiendo por qué mi hermano siempre dice ‘espera a que baje"
12/02/2025 14:46,Neutral,Neutral,Neutral,En desacuerdo,Neutral,En desacuerdo,Neutral,En desacuerdo,En desacuerdo,De acuerdo,Totalmente de acuerdo,En desacuerdo,Neutral,"Creo que la lógica de precios parece algo confusa, aunque sería mejor si avisaran con tiempo."
15/03/2025 11:39,Neutral,Totalmente de acuerdo,Totalmente de acuerdo,En desacuerdo,De acuerdo,En desacuerdo,Neutral,Totalmente de acuerdo,Totalmente de acuerdo,De acuerdo,Neutral,De acuerdo,De acuerdo,
07/03/2025 20:00,Totalmente de acuerdo,De acuerdo,Totalmente de acuerdo,Totalmente de acuerdo,De acuerdo,En desacuerdo,En desacuerdo,Neutral,Totalmente de acuerdo,De acuerdo,De acuerdo,De acuerdo,Neutral,
05/03/2025 19:12,Totalmente de acuerdo,Neutral,En desacuerdo,De acuerdo,Neutral,En desacuerdo,En desacuerdo,Neutral,En desacuerdo,De acuerdo,En desacuerdo,Totalmente de acuerdo,De acuerdo,
11/05/2025 19:00,Neutral,En desacuerdo,En desacuerdo,Totalmente de acuerdo,Totalmente en desacuerdo,Neutral,Neutral,De acuerdo,Neutral,Totalmente de acuerdo,Totalmente de acuerdo,De acuerdo,Neutral,
20/03/2025 14:40,De acuerdo,De acuerdo,Totalmente de acuerdo,Totalmente en desacuerdo,De acuerdo,Neutral,En desacuerdo,En desacuerdo,De acuerdo,De acuerdo,Totalmente de acuerdo,De acuerdo,En desacuerdo,
25/06/2025 05:26,De acuerdo,Neutral,De acuerdo,En desacuerdo,En desacuerdo,En desacuerdo,En desacuerdo,En desacuerdo,Totalmente de acuerdo,Neutral,De acuerdo,En desacuerdo,Totalmente de acuerdo,
14/06/2025 07:49,En desacuerdo,Neutral,Totalmente de acuerdo,Neutral,De acuerdo,En desacuerdo,De acuerdo,Neutral,De acuerdo,De acuerdo,En desacuerdo,De acuerdo,Neutral,
29/05/2025 13:55,Neutral,Neutral,De acuerdo,Totalmente de acuerdo,De acuerdo,Neutral,En desacuerdo,Neutral,Totalmente en desacuerdo,En desacuerdo,De acuerdo,Neutral,Neutral,"Las ofertas en temporada baja suelen ser buenas, así que trato de estar atento para no perdérmelas."
14/02/2025 06:20,De acuerdo,Neutral,De acuerdo,Totalmente en desacuerdo,Neutral,Neutral,Neutral,De acuerdo,Totalmente de acuerdo,De acuerdo,De acuerdo,De acuerdo,Neutral,
03/04/2025 10:43,Totalmente de acuerdo,De acuerdo,Totalmente en desacuerdo,De acuerdo,De acuerdo,Neutral,Neutral,Neutral,De acuerdo,Totalmente de acuerdo,Neutral,De acuerdo,Neutral,
07/04/2025 05:19,En desacuerdo,De acuerdo,En desacuerdo,En desacuerdo,De acuerdo,En desacuerdo,Neutral,En desacuerdo,Totalmente de acuerdo,Totalmente de acuerdo,Totalmente de acuerdo,De acuerdo,Neutral,
17/01/2025 04:43,De acuerdo,En desacuerdo,Totalmente de acuerdo,Neutral,Totalmente en desacuerdo,Neutral,Neutral,Neutral,En desacuerdo,De acuerdo,De acuerdo,En desacuerdo,Totalmente de acuerdo,
20/06/2025 06:10,De acuerdo,En desacuerdo,De acuerdo,Neutral,Neutral,En desacuerdo,En desacuerdo,Neutral,Totalmente de acuerdo,De acuerdo,De acuerdo,De acuerdo,Neutral,
06/03/2025 10:03,Totalmente de acuerdo,Neutral,Totalmente de acuerdo,Totalmente en desacuerdo,De acuerdo,Neutral,De acuerdo,Neutral,De acuerdo,Neutral,Neutral,En desacuerdo,Neutral,
20/06/2025 23:48,Neutral,En desacuerdo,Totalmente de acuerdo,En desacuerdo,Totalmente en desacuerdo,Neutral,En desacuerdo,Neutral,Totalmente de acuerdo,En desacuerdo,Neutral,En desacuerdo,Totalmente de acuerdo,
23/06/2025 10:58,De acuerdo,De acuerdo,Totalmente en desacuerdo,De acuerdo,Neutral,Neutral,En desacuerdo,Neutral,De acuerdo,De acuerdo,Totalmente de acuerdo,De acuerdo,En desacuerdo,
22/05/2025 08:52,Totalmente de acuerdo,En desacuerdo,Totalmente de acuerdo,Totalmente de acuerdo,Neutral,En desacuerdo,En desacuerdo,Neutral,Neutral,De acuerdo,Totalmente de acuerdo,De acuerdo,En desacuerdo,
08/05/2025 04:46,De acuerdo,En desacuerdo,En desacuerdo,Totalmente de acuerdo,Totalmente de acuerdo,Neutral,Neutral,En desacuerdo,De acuerdo,De acuerdo,Totalmente de acuerdo,De acuerdo,Totalmente de acuerdo,
25/06/2025 15:34,Totalmente de acuerdo,En desacuerdo,De acuerdo,En desacuerdo,De acuerdo,Neutral,Totalmente en desacuerdo,Neutral,Totalmente de acuerdo,Neutral,De acuerdo,Neutral,Totalmente de acuerdo,
09/02/2025 00:52,Totalmente de acuerdo,Neutral,Totalmente de acuerdo,Neutral,Totalmente de acuerdo,En desacuerdo,En desacuerdo,Neutral,Neutral,De acuerdo,Totalmente de acuerdo,En desacuerdo,De acuerdo,
18/01/2025 12:55,Neutral,Totalmente de acuerdo,Totalmente de acuerdo,En desacuerdo,Neutral,Neutral,Neutral,En desacuerdo,De acuerdo,Neutral,De acuerdo,De acuerdo,De acuerdo,
15/06/2025 05:36,Totalmente de acuerdo,Neutral,En desacuerdo,En desacuerdo,De acuerdo,Neutral,De acuerdo,En desacuerdo,En desacuerdo,Totalmente de acuerdo,Neutral,De acuerdo,De acuerdo,
22/04/2025 15:06,Neutral,De acuerdo,De acuerdo,En desacuerdo,Totalmente en desacuerdo,En desacuerdo,Neutral,Neutral,De acuerdo,Neutral,De acuerdo,En desacuerdo,Neutral,"Considero que la estrategia tiene sentido si no tienes urgencia, pero no siempre entiendo cuándo es el mejor momento."
15/04/2025 03:33,En desacuerdo,En desacuerdo,Totalmente de acuerdo,Totalmente de acuerdo,De acuerdo,En desacuerdo,En desacuerdo,Neutral,Neutral,Totalmente de acuerdo,Neutral,De acuerdo,De acuerdo,"Desde mi experiencia, los descuentos no siempre coinciden con mi momento de compra."
06/04/2025 23:10,De acuerdo,En desacuerdo,De acuerdo,Totalmente en desacuerdo,De acuerdo,Neutral,En desacuerdo,Neutral,De acuerdo,De acuerdo,De acuerdo,De acuerdo,De acuerdo,
09/01/2025 17:48,De acuerdo,En desacuerdo,En desacuerdo,En desacuerdo,De acuerdo,Neutral,Totalmente en desacuerdo,Neutral,De acuerdo,De acuerdo,Neutral,Neutral,Neutral,"Desde mi experiencia, la estrategia tiene sentido si no tienes urgencia, aunque sería mejor si avisaran con tiempo."
24/03/2025 06:54,En desacuerdo,En desacuerdo,Neutral,Neutral,Totalmente de acuerdo,En desacuerdo,Neutral,Totalmente de acuerdo,Totalmente en desacuerdo,Totalmente de acuerdo,Totalmente de acuerdo,De acuerdo,Neutral,
22/05/2025 04:01,Neutral,Totalmente de acuerdo,Neutral,En desacuerdo,De acuerdo,Neutral,En desacuerdo,Neutral,Totalmente de acuerdo,De acuerdo,De acuerdo,De acuerdo,De acuerdo,
07/01/2025 13:11,Neutral,En desacuerdo,Totalmente de acuerdo,Totalmente de acuerdo,De acuerdo,En desacuerdo,Neutral,Neutral,Totalmente de acuerdo,En desacuerdo,De acuerdo,De acuerdo,De acuerdo,
19/01/2025 09:09,De acuerdo,En desacuerdo,Totalmente en desacuerdo,De acuerdo,De acuerdo,Neutral,Neutral,Totalmente de acuerdo,De acuerdo,De acuerdo,Totalmente de acuerdo,En desacuerdo,Totalmente de acuerdo,
21/04/2025 10:22,En desacuerdo,De acuerdo,De acuerdo,Totalmente de acuerdo,Neutral,En desacuerdo,En desacuerdo,Totalmente de acuerdo,De acuerdo,Totalmente de acuerdo,De acuerdo,De acuerdo,De acuerdo,
26/04/2025 00:51,Neutral,En desacuerdo,Neutral,Totalmente de acuerdo,De acuerdo,Neutral,Totalmente de acuerdo,Totalmente de acuerdo,De acuerdo,De acuerdo,De acuerdo,Neutral,De acuerdo,
12/05/2025 17:48,Totalmente de acuerdo,En desacuerdo,Totalmente de acuerdo,En desacuerdo,En desacuerdo,En desacuerdo,Neutral,Neutral,Totalmente en desacuerdo,En desacuerdo,Totalmente de acuerdo,De acuerdo,Neutral,
18/06/2025 05:47,Totalmente de acuerdo,En desacuerdo,Totalmente de acuerdo,Totalmente de acuerdo,De acuerdo,En desacuerdo,En desacuerdo,Neutral,De acuerdo,Neutral,De acuerdo,De acuerdo,Neutral,"Siento que cada vendedor podría informar mejor sobre los cambios de precio, lo cual me parece razonable dadas las condiciones del mercado, aunque no se si eso se pueda en mercado libre."
02/05/2025 08:39,En desacuerdo,Totalmente de acuerdo,Neutral,Totalmente de acuerdo,De acuerdo,En desacuerdo,Totalmente de acuerdo,Neutral,De acuerdo,Neutral,Neutral,De acuerdo,De acuerdo,
13/04/2025 07:46,Totalmente de acuerdo,En desacuerdo,Totalmente de acuerdo,En desacuerdo,Totalmente en desacuerdo,Neutral,Neutral,En desacuerdo,De acuerdo,De acuerdo,De acuerdo,De acuerdo,Totalmente de acuerdo,
22/01/2025 11:02,Totalmente de acuerdo,Totalmente de acuerdo,Totalmente de acuerdo,Neutral,Neutral,Neutral,Neutral,Neutral,En desacuerdo,De acuerdo,Neutral,De acuerdo,De acuerdo,
29/04/2025 07:28,De acuerdo,De acuerdo,Totalmente de acuerdo,En desacuerdo,De acuerdo,Neutral,Neutral,En desacuerdo,De acuerdo,De acuerdo,Neutral,De acuerdo,De acuerdo,
11/06/2025 19:21,De acuerdo,En desacuerdo,Totalmente de acuerdo,Totalmente de acuerdo,Neutral,En desacuerdo,De acuerdo,Neutral,De acuerdo,De acuerdo,Totalmente de acuerdo,De acuerdo,En desacuerdo,
29/04/2025 05:29,Totalmente de acuerdo,Totalmente de acuerdo,Totalmente de acuerdo,Neutral,Neutral,Neutral,En desacuerdo,Neutral,De acuerdo,Totalmente de acuerdo,De acuerdo,De acuerdo,Neutral,
20/04/2025 08:57,Totalmente de acuerdo,En desacuerdo,De acuerdo,Totalmente de acuerdo,Neutral,De acuerdo,De acuerdo,En desacuerdo,De acuerdo,Neutral,De acuerdo,De acuerdo,En desacuerdo,
10/06/2025 04:37,Totalmente de acuerdo,De acuerdo,Neutral,Totalmente en desacuerdo,De acuerdo,En desacuerdo,Neutral,Neutral,De acuerdo,Neutral,Totalmente de acuerdo,De acuerdo,Totalmente de acuerdo,
01/06/2025 10:15,En desacuerdo,En desacuerdo,Totalmente de acuerdo,En desacuerdo,Totalmente en desacuerdo,En desacuerdo,En desacuerdo,Totalmente de acuerdo,En desacuerdo,De acuerdo,Totalmente de acuerdo,De acuerdo,Neutral,"Me ayudó a ahorrar dinero cuando compré en julio, pero fue por pura casualidad."
06/06/2025 21:59,Totalmente de acuerdo,Neutral,Totalmente en desacuerdo,En desacuerdo,Neutral,Neutral,En desacuerdo,Neutral,De acuerdo,De acuerdo,Neutral,De acuerdo,De acuerdo,
20/05/2025 16:56,Neutral,Neutral,En desacuerdo,De acuerdo,En desacuerdo,En desacuerdo,Totalmente en desacuerdo,En desacuerdo,En desacuerdo,De acuerdo,De acuerdo,De acuerdo,Totalmente de acuerdo,
21/03/2025 03:03,Neutral,En desacuerdo,De acuerdo,Neutral,De acuerdo,Neutral,Neutral,En desacuerdo,De acuerdo,En desacuerdo,Totalmente de acuerdo,De acuerdo,Totalmente de acuerdo,
16/04/2025 09:18,Neutral,Neutral,Totalmente de acuerdo,En desacuerdo,De acuerdo,Neutral,Totalmente de acuerdo,En desacuerdo,Totalmente de acuerdo,En desacuerdo,En desacuerdo,De acuerdo,En desacuerdo,
22/04/2025 08:18,Totalmente de acuerdo,En desacuerdo,De acuerdo,Totalmente de acuerdo,De acuerdo,Neutral,En desacuerdo,En desacuerdo,De acuerdo,De acuerdo,Totalmente de acuerdo,De acuerdo,Neutral,
17/03/2025 19:34,Neutral,En desacuerdo,Neutral,Totalmente en desacuerdo,Totalmente en desacuerdo,Neutral,En desacuerdo,De acuerdo,Totalmente de acuerdo,De acuerdo,En desacuerdo,De acuerdo,De acuerdo,
03/02/2025 19:32,De acuerdo,De acuerdo,Totalmente de acuerdo,Neutral,Totalmente de acuerdo,Neutral,De acuerdo,Neutral,De acuerdo,De acuerdo,Totalmente de acuerdo,De acuerdo,De acuerdo,
17/03/2025 01:36,De acuerdo,Totalmente de acuerdo,En desacuerdo,Totalmente de acuerdo,De acuerdo,Neutral,Neutral,En desacuerdo,De acuerdo,De acuerdo,Neutral,De acuerdo,Neutral,
05/01/2025 05:36,De acuerdo,En desacuerdo,De acuerdo,De acuerdo,Totalmente de acuerdo,Neutral,Neutral,En desacuerdo,De acuerdo,De acuerdo,De acuerdo,De acuerdo,Totalmente de acuerdo,
19/03/2025 05:00,Neutral,En desacuerdo,En desacuerdo,Totalmente en desacuerdo,Totalmente en desacuerdo,Neutral,Neutral,En desacuerdo,Totalmente de acuerdo,Neutral,En desacuerdo,Neutral,De acuerdo,"Me gusta que los precios cambian demasiado seguido, y por eso programo mis compras con antelación."
16/06/2025 15:26,Totalmente de acuerdo,Totalmente de acuerdo,De acuerdo,En desacuerdo,De acuerdo,Neutral,En desacuerdo,Neutral,De acuerdo,De acuerdo,Totalmente de acuerdo,Neutral,Neutral,
22/01/2025 00:21,Totalmente de acuerdo,Totalmente de acuerdo,De acuerdo,Totalmente de acuerdo,Totalmente de acuerdo,Neutral,Neutral,De acuerdo,De acuerdo,De acuerdo,Neutral,De acuerdo,De acuerdo,
13/01/2025 13:39,Totalmente de acuerdo,En desacuerdo,De acuerdo,Neutral,Totalmente de acuerdo,Neutral,Neutral,En desacuerdo,Totalmente en desacuerdo,Neutral,De acuerdo,De acuerdo,Totalmente de acuerdo,
07/05/2025 21:04,De acuerdo,Neutral,Totalmente de acuerdo,En desacuerdo,Totalmente de acuerdo,Neutral,Neutral,En desacuerdo,De acuerdo,De acuerdo,De acuerdo,En desacuerdo,De acuerdo,
03/05/2025 11:27,Totalmente de acuerdo,En desacuerdo,Totalmente de acuerdo,De acuerdo,Totalmente de acuerdo,Neutral,Neutral,En desacuerdo,De acuerdo,En desacuerdo,Neutral,De acuerdo,Neutral,
09/03/2025 00:16,Neutral,Neutral,Totalmente de acuerdo,En desacuerdo,Neutral,Neutral,Neutral,Neutral,Totalmente en desacuerdo,De acuerdo,De acuerdo,En desacuerdo,Totalmente de acuerdo,
06/04/2025 12:02,Totalmente de acuerdo,Neutral,Totalmente de acuerdo,Totalmente de acuerdo,De acuerdo,Neutral,Neutral,Totalmente de acuerdo,Totalmente en desacuerdo,De acuerdo,Totalmente de acuerdo,De acuerdo,De acuerdo,
18/06/2025 16:00,En desacuerdo,De acuerdo,De acuerdo,De acuerdo,Totalmente en desacuerdo,Neutral,Neutral,De acuerdo,De acuerdo,Totalmente de acuerdo,De acuerdo,En desacuerdo,Neutral,
21/01/2025 02:31,De acuerdo,En desacuerdo,Totalmente de acuerdo,En desacuerdo,Totalmente en desacuerdo,En desacuerdo,Totalmente en desacuerdo,En desacuerdo,De acuerdo,De acuerdo,Totalmente de acuerdo,De acuerdo,Neutral,"Me parece que la empresa podría informar mejor sobre los cambios de precio, y eso me obliga a estar pendiente del calendario."
17/03/2025 03:46,De acuerdo,Totalmente de acuerdo,De acuerdo,Totalmente de acuerdo,Neutral,En desacuerdo,Neutral,En desacuerdo,De acuerdo,Neutral,Totalmente de acuerdo,De acuerdo,En desacuerdo,
09/02/2025 04:35,Neutral,En desacuerdo,Totalmente de acuerdo,En desacuerdo,De acuerdo,De acuerdo,Neutral,Neutral,De acuerdo,Totalmente de acuerdo,Totalmente de acuerdo,De acuerdo,En desacuerdo,"Aprendí que si un vendedor tiene pocas unidades de algo, suele ponerlo más barato para salir rápido del inventario"
03/01/2025 17:13,De acuerdo,En desacuerdo,De acuerdo,De acuerdo,De acuerdo,En desacuerdo,En desacuerdo,En desacuerdo,En desacuerdo,Totalmente de acuerdo,Totalmente de acuerdo,De acuerdo,De acuerdo,
29/01/2025 12:35,De acuerdo,Neutral,Neutral,Totalmente de acuerdo,Totalmente en desacuerdo,En desacuerdo,Totalmente en desacuerdo,Neutral,En desacuerdo,De acuerdo,Totalmente de acuerdo,De acuerdo,Neutral,"Cuando veo que a un producto le quedan 3 o 4 unidades en Mercado Libre, le doy Favoritos y lo reviso un par de veces al día. Así me he encontrado con bajadas de precio de último momento, como esos tenis que pasaron de $200 mil a $120 mil de la noche a la mañana."
08/01/2025 19:24,Neutral,En desacuerdo,De acuerdo,Totalmente de acuerdo,Totalmente de acuerdo,En desacuerdo,Neutral,En desacuerdo,Totalmente de acuerdo,De acuerdo,Neutral,De acuerdo,De acuerdo,
